{"_id":"5ee06f7cea518e355b96f421","filename":"/9703858_Hasar_9703858_1586853916_7442.jpg","annotations":[{"id":"5ee720bb94a42fc7a020e8e6","datasetId":"5edf74957371f8558a49aff5","type":"box","label":"CarBox","attributes":[],"coordinates":[{"x":0,"y":0,"z":0},{"x":1200,"y":1419.6007923880825,"z":0}],"metadata":{"system":{"status":null,"startTime":0,"endTime":1,"frame":0,"endFrame":1,"snapshots_":[{"fixed":true,"type":"transition","frame":0,"objectVisible":true,"data":[{"x":0,"y":0,"z":0},{"x":1200,"y":1419.6007923880825,"z":0}],"label":"CarBox","attributes":[]}],"automated":false,"isOpen":false,"system":false,"openAnnotationVersion":"0.34.4-hf.0"},"user":{}},"creator":"labeler42@cogitotech.in","createdAt":"2020-06-15T07:18:19.298Z","updatedBy":"labeler42@cogitotech.in","updatedAt":"2020-06-15T07:18:19.298Z","itemId":"5ee06f7cea518e355b96f421","url":"https://gate.dataloop.ai/api/v1/annotations/5ee720bb94a42fc7a020e8e6","item":"https://gate.dataloop.ai/api/v1/items/5ee06f7cea518e355b96f421","dataset":"https://gate.dataloop.ai/api/v1/datasets/5edf74957371f8558a49aff5","hash":"ad9947f260f34f2a54f67425d6c29583"},{"id":"5ee720bb94a42fc7a020e8e6","datasetId":"5edf74957371f8558a49aff5","type":"box","label":"CarBox","attributes":[],"coordinates":[{"x":0,"y":0,"z":0},{"x":1200,"y":14333.6007923880825,"z":0}],"metadata":{"system":{"status":null,"startTime":0,"endTime":1,"frame":0,"endFrame":1,"snapshots_":[{"fixed":true,"type":"transition","frame":0,"objectVisible":true,"data":[{"x":0,"y":0,"z":0},{"x":1200,"y":14222.6007923880825,"z":0}],"label":"CarBox","attributes":[]}],"automated":false,"isOpen":false,"system":false,"openAnnotationVersion":"0.34.4-hf.0"},"user":{}},"creator":"labeler42@cogitotech.in","createdAt":"2020-06-15T07:18:19.298Z","updatedBy":"labeler42@cogitotech.in","updatedAt":"2020-06-15T07:18:19.298Z","itemId":"5ee06f7cea518e355b96f421","url":"https://gate.dataloop.ai/api/v1/annotations/5ee720bb94a42fc7a020e8e6","item":"https://gate.dataloop.ai/api/v1/items/5ee06f7cea518e355b96f421","dataset":"https://gate.dataloop.ai/api/v1/datasets/5edf74957371f8558a49aff5","hash":"ad9947f260f34f2a54f67425d6c29583"},{"id":"5ee720bb94a42fc7a020e8e6","datasetId":"5edf74957371f8558a49aff5","type":"box","label":"CarBox","attributes":[],"coordinates":[{"x":0,"y":0,"z":0},{"x":1200,"y":14864.6007923880825,"z":0}],"metadata":{"system":{"status":null,"startTime":0,"endTime":1,"frame":0,"endFrame":1,"snapshots_":[{"fixed":true,"type":"transition","frame":0,"objectVisible":true,"data":[{"x":0,"y":0,"z":0},{"x":1200,"y":1419.6007923880825,"z":0}],"label":"CarBox","attributes":[]}],"automated":false,"isOpen":false,"system":false,"openAnnotationVersion":"0.34.4-hf.0"},"user":{}},"creator":"labeler42@cogitotech.in","createdAt":"2020-06-15T07:18:19.298Z","updatedBy":"labeler42@cogitotech.in","updatedAt":"2020-06-15T07:18:19.298Z","itemId":"5ee06f7cea518e355b96f421","url":"https://gate.dataloop.ai/api/v1/annotations/5ee720bb94a42fc7a020e8e6","item":"https://gate.dataloop.ai/api/v1/items/5ee06f7cea518e355b96f421","dataset":"https://gate.dataloop.ai/api/v1/datasets/5edf74957371f8558a49aff5","hash":"ad9947f260f34f2a54f67425d6c29583"}],"itemMetadata":{"system":{"originalname":"file","size":443268,"encoding":"7bit","mimetype":"image/jpeg","annotationStatus":["completed"],"refs":[{"type":"task","id":"5ee45aa335b1472593a20aef"},{"type":"assignment","id":"5ee45bb52adfa527d9786eff"}],"executionLogs":{"image-metadata-extractor":{"default_module":{"run":{"5ee06f7c74c49d14c1f385bf":{"progress":100,"status":"success"}}}}},"exif":{"Orientation":1},"height":1600,"width":1200,"statusLog":[{"status":"completed","timestamp":"2020-06-15T07:18:20.758Z","creator":"labeler42@cogitotech.in","action":"created"}]}}}