<annotations><folder /><filename>/9703858_Hasar_9703858_1586853916_7442.jpg</filename><path>IMG_jeff@fruitscout.ai_1596730554.830069.jpg</path><source><database>Unknown</database></source><size><widh>4608</widh><height>3456</height><depth>3</depth></size><segmented /><object><name>AnjouPears</name><pose>Unspecified</pose><truncated>0</truncated><difficult>0</difficult><bndbox><xmin>0</xmin><ymin>0</ymin><xmax>1200</xmax><ymax>1419.6007923880825</ymax></bndbox></object><object><name>AnjouPears</name><pose>Unspecified</pose><truncated>0</truncated><difficult>0</difficult><bndbox><xmin>0</xmin><ymin>0</ymin><xmax>1200</xmax><ymax>14333.600792388082</ymax></bndbox></object><object><name>AnjouPears</name><pose>Unspecified</pose><truncated>0</truncated><difficult>0</difficult><bndbox><xmin>0</xmin><ymin>0</ymin><xmax>1200</xmax><ymax>14864.600792388082</ymax></bndbox></object></annotations>