[{"type": "bbox", "classId": 12698, "probability": 100, "points": {"x1": "515", "x2": "563", "y1": "1133", "y2": "1185"}, "groupId": 0, "pointLabels": {}, "locked": "false", "visible": "true", "attributes": [], "className": "Mandarins"}, {"type": "bbox", "classId": 12698, "probability": 100, "points": {"x1": "550", "x2": "605", "y1": "1213", "y2": "1273"}, "groupId": 0, "pointLabels": {}, "locked": "false", "visible": "true", "attributes": [], "className": "Mandarins"}, {"type": "bbox", "classId": 12698, "probability": 100, "points": {"x1": "590", "x2": "643", "y1": "1204", "y2": "1260"}, "groupId": 0, "pointLabels": {}, "locked": "false", "visible": "true", "attributes": [], "className": "Mandarins"}, {"type": "bbox", "classId": 12698, "probability": 100, "points": {"x1": "610", "x2": "660", "y1": "1258", "y2": "1311"}, "groupId": 0, "pointLabels": {}, "locked": "false", "visible": "true", "attributes": [], "className": "Mandarins"}, {"type": "bbox", "classId": 12698, "probability": 100, "points": {"x1": "645", "x2": "696", "y1": "1220", "y2": "1277"}, "groupId": 0, "pointLabels": {}, "locked": "false", "visible": "true", "attributes": [], "className": "Mandarins"}, {"type": "bbox", "classId": 12698, "probability": 100, "points": {"x1": "668", "x2": "722", "y1": "1298", "y2": "1353"}, "groupId": 0, "pointLabels": {}, "locked": "false", "visible": "true", "attributes": [], "className": "Mandarins"}, {"type": "bbox", "classId": 12698, "probability": 100, "points": {"x1": "640", "x2": "684", "y1": "1322", "y2": "1373"}, "groupId": 0, "pointLabels": {}, "locked": "false", "visible": "true", "attributes": [], "className": "Mandarins"}, {"type": "bbox", "classId": 12698, "probability": 100, "points": {"x1": "687", "x2": "730", "y1": "1340", "y2": "1387"}, "groupId": 0, "pointLabels": {}, "locked": "false", "visible": "true", "attributes": [], "className": "Mandarins"}, {"type": "bbox", "classId": 12698, "probability": 100, "points": {"x1": "683", "x2": "734", "y1": "1415", "y2": "1469"}, "groupId": 0, "pointLabels": {}, "locked": "false", "visible": "true", "attributes": [], "className": "Mandarins"}, {"type": "bbox", "classId": 12698, "probability": 100, "points": {"x1": "884", "x2": "935", "y1": "1235", "y2": "1287"}, "groupId": 0, "pointLabels": {}, "locked": "false", "visible": "true", "attributes": [], "className": "Mandarins"}, {"type": "bbox", "classId": 12698, "probability": 100, "points": {"x1": "886", "x2": "927", "y1": "1288", "y2": "1322"}, "groupId": 0, "pointLabels": {}, "locked": "false", "visible": "true", "attributes": [], "className": "Mandarins"}, {"type": "bbox", "classId": 12698, "probability": 100, "points": {"x1": "927", "x2": "969", "y1": "1285", "y2": "1326"}, "groupId": 0, "pointLabels": {}, "locked": "false", "visible": "true", "attributes": [], "className": "Mandarins"}, {"type": "bbox", "classId": 12698, "probability": 100, "points": {"x1": "936", "x2": "975", "y1": "1232", "y2": "1280"}, "groupId": 0, "pointLabels": {}, "locked": "false", "visible": "true", "attributes": [], "className": "Mandarins"}, {"type": "bbox", "classId": 12698, "probability": 100, "points": {"x1": "1261", "x2": "1302", "y1": "1325", "y2": "1365"}, "groupId": 0, "pointLabels": {}, "locked": "false", "visible": "true", "attributes": [], "className": "Mandarins"}, {"type": "bbox", "classId": 12698, "probability": 100, "points": {"x1": "1239", "x2": "1275", "y1": "1357", "y2": "1394"}, "groupId": 0, "pointLabels": {}, "locked": "false", "visible": "true", "attributes": [], "className": "Mandarins"}, {"type": "bbox", "classId": 12698, "probability": 100, "points": {"x1": "1275", "x2": "1308", "y1": "1363", "y2": "1400"}, "groupId": 0, "pointLabels": {}, "locked": "false", "visible": "true", "attributes": [], "className": "Mandarins"}, {"type": "bbox", "classId": 12698, "probability": 100, "points": {"x1": "1266", "x2": "1299", "y1": "1395", "y2": "1424"}, "groupId": 0, "pointLabels": {}, "locked": "false", "visible": "true", "attributes": [], "className": "Mandarins"}, {"type": "bbox", "classId": 12698, "probability": 100, "points": {"x1": "1239", "x2": "1264", "y1": "1396", "y2": "1422"}, "groupId": 0, "pointLabels": {}, "locked": "false", "visible": "true", "attributes": [], "className": "Mandarins"}, {"type": "bbox", "classId": 12698, "probability": 100, "points": {"x1": "1331", "x2": "1370", "y1": "1400", "y2": "1448"}, "groupId": 0, "pointLabels": {}, "locked": "false", "visible": "true", "attributes": [], "className": "Mandarins"}, {"type": "bbox", "classId": 12698, "probability": 100, "points": {"x1": "1384", "x2": "1424", "y1": "1454", "y2": "1497"}, "groupId": 0, "pointLabels": {}, "locked": "false", "visible": "true", "attributes": [], "className": "Mandarins"}, {"type": "bbox", "classId": 12698, "probability": 100, "points": {"x1": "1423", "x2": "1458", "y1": "1430", "y2": "1476"}, "groupId": 0, "pointLabels": {}, "locked": "false", "visible": "true", "attributes": [], "className": "Mandarins"}, {"type": "bbox", "classId": 12698, "probability": 100, "points": {"x1": "1331", "x2": "1374", "y1": "1313", "y2": "1360"}, "groupId": 0, "pointLabels": {}, "locked": "false", "visible": "true", "attributes": [], "className": "Mandarins"}, {"type": "bbox", "classId": 12698, "probability": 100, "points": {"x1": "1308", "x2": "1346", "y1": "1252", "y2": "1295"}, "groupId": 0, "pointLabels": {}, "locked": "false", "visible": "true", "attributes": [], "className": "Mandarins"}, {"type": "bbox", "classId": 12698, "probability": 100, "points": {"x1": "1381", "x2": "1412", "y1": "1513", "y2": "1547"}, "groupId": 0, "pointLabels": {}, "locked": "false", "visible": "true", "attributes": [], "className": "Mandarins"}, {"type": "bbox", "classId": 12698, "probability": 100, "points": {"x1": "1412", "x2": "1442", "y1": "1525", "y2": "1557"}, "groupId": 0, "pointLabels": {}, "locked": "false", "visible": "true", "attributes": [], "className": "Mandarins"}, {"type": "bbox", "classId": 12698, "probability": 100, "points": {"x1": "1446", "x2": "1479", "y1": "1576", "y2": "1611"}, "groupId": 0, "pointLabels": {}, "locked": "false", "visible": "true", "attributes": [], "className": "Mandarins"}, {"type": "bbox", "classId": 12698, "probability": 100, "points": {"x1": "1446", "x2": "1471", "y1": "1537", "y2": "1562"}, "groupId": 0, "pointLabels": {}, "locked": "false", "visible": "true", "attributes": [], "className": "Mandarins"}, {"type": "bbox", "classId": 12698, "probability": 100, "points": {"x1": "1417", "x2": "1444", "y1": "1559", "y2": "1589"}, "groupId": 0, "pointLabels": {}, "locked": "false", "visible": "true", "attributes": [], "className": "Mandarins"}, {"type": "bbox", "classId": 12698, "probability": 100, "points": {"x1": "1347", "x2": "1387", "y1": "1266", "y2": "1315"}, "groupId": 0, "pointLabels": {}, "locked": "false", "visible": "true", "attributes": [], "className": "Mandarins"}, {"type": "bbox", "classId": 12698, "probability": 100, "points": {"x1": "1393", "x2": "1429", "y1": "1259", "y2": "1300"}, "groupId": 0, "pointLabels": {}, "locked": "false", "visible": "true", "attributes": [], "className": "Mandarins"}, {"type": "bbox", "classId": 12698, "probability": 100, "points": {"x1": "1431", "x2": "1473", "y1": "1220", "y2": "1265"}, "groupId": 0, "pointLabels": {}, "locked": "false", "visible": "true", "attributes": [], "className": "Mandarins"}, {"type": "bbox", "classId": 12698, "probability": 100, "points": {"x1": "1362", "x2": "1395", "y1": "1224", "y2": "1261"}, "groupId": 0, "pointLabels": {}, "locked": "false", "visible": "true", "attributes": [], "className": "Mandarins"}, {"type": "bbox", "classId": 12698, "probability": 100, "points": {"x1": "1106", "x2": "1162", "y1": "1457", "y2": "1512"}, "groupId": 0, "pointLabels": {}, "locked": "false", "visible": "true", "attributes": [], "className": "Mandarins"}, {"type": "bbox", "classId": 12698, "probability": 100, "points": {"x1": "1147", "x2": "1201", "y1": "1491", "y2": "1548"}, "groupId": 0, "pointLabels": {}, "locked": "false", "visible": "true", "attributes": [], "className": "Mandarins"}, {"type": "bbox", "classId": 12698, "probability": 100, "points": {"x1": "1160", "x2": "1216", "y1": "1542", "y2": "1600"}, "groupId": 0, "pointLabels": {}, "locked": "false", "visible": "true", "attributes": [], "className": "Mandarins"}, {"type": "bbox", "classId": 12698, "probability": 100, "points": {"x1": "1102", "x2": "1159", "y1": "1548", "y2": "1603"}, "groupId": 0, "pointLabels": {}, "locked": "false", "visible": "true", "attributes": [], "className": "Mandarins"}, {"type": "bbox", "classId": 12698, "probability": 100, "points": {"x1": "1134", "x2": "1177", "y1": "1590", "y2": "1628"}, "groupId": 0, "pointLabels": {}, "locked": "false", "visible": "true", "attributes": [], "className": "Mandarins"}, {"type": "bbox", "classId": 12698, "probability": 100, "points": {"x1": "1145", "x2": "1175", "y1": "1626", "y2": "1662"}, "groupId": 0, "pointLabels": {}, "locked": "false", "visible": "true", "attributes": [], "className": "Mandarins"}, {"type": "bbox", "classId": 12698, "probability": 100, "points": {"x1": "1025", "x2": "1081", "y1": "1582", "y2": "1638"}, "groupId": 0, "pointLabels": {}, "locked": "false", "visible": "true", "attributes": [], "className": "Mandarins"}, {"type": "bbox", "classId": 12698, "probability": 100, "points": {"x1": "1072", "x2": "1118", "y1": "1609", "y2": "1657"}, "groupId": 0, "pointLabels": {}, "locked": "false", "visible": "true", "attributes": [], "className": "Mandarins"}, {"type": "bbox", "classId": 12698, "probability": 100, "points": {"x1": "1066", "x2": "1106", "y1": "1649", "y2": "1672"}, "groupId": 0, "pointLabels": {}, "locked": "false", "visible": "true", "attributes": [], "className": "Mandarins"}, {"type": "bbox", "classId": 12698, "probability": 100, "points": {"x1": "1090", "x2": "1121", "y1": "1672", "y2": "1702"}, "groupId": 0, "pointLabels": {}, "locked": "false", "visible": "true", "attributes": [], "className": "Mandarins"}, {"type": "bbox", "classId": 12698, "probability": 100, "points": {"x1": "1023", "x2": "1063", "y1": "1622", "y2": "1661"}, "groupId": 0, "pointLabels": {}, "locked": "false", "visible": "true", "attributes": [], "className": "Mandarins"}, {"type": "bbox", "classId": 12698, "probability": 100, "points": {"x1": "1041", "x2": "1084", "y1": "1662", "y2": "1696"}, "groupId": 0, "pointLabels": {}, "locked": "false", "visible": "true", "attributes": [], "className": "Mandarins"}, {"type": "bbox", "classId": 12698, "probability": 100, "points": {"x1": "942", "x2": "977", "y1": "1689", "y2": "1733"}, "groupId": 0, "pointLabels": {}, "locked": "false", "visible": "true", "attributes": [], "className": "Mandarins"}, {"type": "bbox", "classId": 12698, "probability": 100, "points": {"x1": "1003", "x2": "1039", "y1": "1704", "y2": "1740"}, "groupId": 0, "pointLabels": {}, "locked": "false", "visible": "true", "attributes": [], "className": "Mandarins"}, {"type": "bbox", "classId": 12698, "probability": 100, "points": {"x1": "906", "x2": "938", "y1": "1766", "y2": "1804"}, "groupId": 0, "pointLabels": {}, "locked": "false", "visible": "true", "attributes": [], "className": "Mandarins"}, {"type": "bbox", "classId": 12698, "probability": 100, "points": {"x1": "937", "x2": "973", "y1": "1781", "y2": "1817"}, "groupId": 0, "pointLabels": {}, "locked": "false", "visible": "true", "attributes": [], "className": "Mandarins"}, {"type": "bbox", "classId": 12698, "probability": 100, "points": {"x1": "918", "x2": "954", "y1": "1811", "y2": "1845"}, "groupId": 0, "pointLabels": {}, "locked": "false", "visible": "true", "attributes": [], "className": "Mandarins"}, {"type": "bbox", "classId": 12698, "probability": 100, "points": {"x1": "962", "x2": "992", "y1": "1808", "y2": "1837"}, "groupId": 0, "pointLabels": {}, "locked": "false", "visible": "true", "attributes": [], "className": "Mandarins"}, {"type": "bbox", "classId": 12698, "probability": 100, "points": {"x1": "730", "x2": "776", "y1": "1724", "y2": "1776"}, "groupId": 0, "pointLabels": {}, "locked": "false", "visible": "true", "attributes": [], "className": "Mandarins"}, {"type": "bbox", "classId": 12698, "probability": 100, "points": {"x1": "773", "x2": "818", "y1": "1742", "y2": "1785"}, "groupId": 0, "pointLabels": {}, "locked": "false", "visible": "true", "attributes": [], "className": "Mandarins"}, {"type": "bbox", "classId": 12698, "probability": 100, "points": {"x1": "685", "x2": "725", "y1": "1742", "y2": "1783"}, "groupId": 0, "pointLabels": {}, "locked": "false", "visible": "true", "attributes": [], "className": "Mandarins"}, {"type": "bbox", "classId": 12698, "probability": 100, "points": {"x1": "651", "x2": "689", "y1": "1719", "y2": "1759"}, "groupId": 0, "pointLabels": {}, "locked": "false", "visible": "true", "attributes": [], "className": "Mandarins"}, {"type": "bbox", "classId": 12698, "probability": 100, "points": {"x1": "639", "x2": "679", "y1": "1759", "y2": "1794"}, "groupId": 0, "pointLabels": {}, "locked": "false", "visible": "true", "attributes": [], "className": "Mandarins"}, {"type": "bbox", "classId": 12698, "probability": 100, "points": {"x1": "606", "x2": "646", "y1": "1783", "y2": "1817"}, "groupId": 0, "pointLabels": {}, "locked": "false", "visible": "true", "attributes": [], "className": "Mandarins"}, {"type": "bbox", "classId": 12698, "probability": 100, "points": {"x1": "612", "x2": "651", "y1": "1809", "y2": "1840"}, "groupId": 0, "pointLabels": {}, "locked": "false", "visible": "true", "attributes": [], "className": "Mandarins"}, {"type": "bbox", "classId": 12698, "probability": 100, "points": {"x1": "519", "x2": "562", "y1": "1744", "y2": "1790"}, "groupId": 0, "pointLabels": {}, "locked": "false", "visible": "true", "attributes": [], "className": "Mandarins"}, {"type": "bbox", "classId": 12698, "probability": 100, "points": {"x1": "545", "x2": "587", "y1": "1787", "y2": "1828"}, "groupId": 0, "pointLabels": {}, "locked": "false", "visible": "true", "attributes": [], "className": "Mandarins"}, {"type": "bbox", "classId": 12698, "probability": 100, "points": {"x1": "535", "x2": "582", "y1": "1822", "y2": "1853"}, "groupId": 0, "pointLabels": {}, "locked": "false", "visible": "true", "attributes": [], "className": "Mandarins"}, {"type": "bbox", "classId": 12698, "probability": 100, "points": {"x1": "504", "x2": "540", "y1": "1782", "y2": "1825"}, "groupId": 0, "pointLabels": {}, "locked": "false", "visible": "true", "attributes": [], "className": "Mandarins"}, {"type": "bbox", "classId": 12698, "probability": 100, "points": {"x1": "464", "x2": "512", "y1": "1811", "y2": "1863"}, "groupId": 0, "pointLabels": {}, "locked": "false", "visible": "true", "attributes": [], "className": "Mandarins"}, {"type": "bbox", "classId": 12698, "probability": 100, "points": {"x1": "497", "x2": "538", "y1": "1825", "y2": "1874"}, "groupId": 0, "pointLabels": {}, "locked": "false", "visible": "true", "attributes": [], "className": "Mandarins"}, {"type": "bbox", "classId": 12698, "probability": 100, "points": {"x1": "548", "x2": "590", "y1": "1576", "y2": "1625"}, "groupId": 0, "pointLabels": {}, "locked": "false", "visible": "true", "attributes": [], "className": "Mandarins"}, {"type": "bbox", "classId": 12698, "probability": 100, "points": {"x1": "593", "x2": "643", "y1": "1572", "y2": "1618"}, "groupId": 0, "pointLabels": {}, "locked": "false", "visible": "true", "attributes": [], "className": "Mandarins"}, {"type": "bbox", "classId": 12698, "probability": 100, "points": {"x1": "584", "x2": "630", "y1": "1616", "y2": "1644"}, "groupId": 0, "pointLabels": {}, "locked": "false", "visible": "true", "attributes": [], "className": "Mandarins"}, {"type": "bbox", "classId": 12698, "probability": 100, "points": {"x1": "610", "x2": "649", "y1": "2131", "y2": "2183"}, "groupId": 0, "pointLabels": {}, "locked": "false", "visible": "true", "attributes": [], "className": "Mandarins"}, {"type": "bbox", "classId": 12698, "probability": 100, "points": {"x1": "640", "x2": "689", "y1": "2149", "y2": "2196"}, "groupId": 0, "pointLabels": {}, "locked": "false", "visible": "true", "attributes": [], "className": "Mandarins"}, {"type": "bbox", "classId": 12698, "probability": 100, "points": {"x1": "1234", "x2": "1292", "y1": "2722", "y2": "2780"}, "groupId": 0, "pointLabels": {}, "locked": "false", "visible": "true", "attributes": [], "className": "Mandarins"}, {"type": "bbox", "classId": 12698, "probability": 100, "points": {"x1": "293", "x2": "357", "y1": "2446", "y2": "2494"}, "groupId": 0, "pointLabels": {}, "locked": "false", "visible": "true", "attributes": [], "className": "Mandarins"}, {"type": "bbox", "classId": 12698, "probability": 100, "points": {"x1": "866", "x2": "906", "y1": "3143", "y2": "3190"}, "groupId": 0, "pointLabels": {}, "locked": "false", "visible": "true", "attributes": [], "className": "Mandarins"}, {"type": "bbox", "classId": 12698, "probability": 100, "points": {"x1": "973", "x2": "1029", "y1": "3073", "y2": "3145"}, "groupId": 0, "pointLabels": {}, "locked": "false", "visible": "true", "attributes": [], "className": "Mandarins"}, {"type": "bbox", "classId": 12698, "probability": 100, "points": {"x1": "1623", "x2": "1688", "y1": "3457", "y2": "3535"}, "groupId": 0, "pointLabels": {}, "locked": "false", "visible": "true", "attributes": [], "className": "Mandarins"}, {"type": "bbox", "classId": 12698, "probability": 100, "points": {"x1": "1626", "x2": "1662", "y1": "3433", "y2": "3470"}, "groupId": 0, "pointLabels": {}, "locked": "false", "visible": "true", "attributes": [], "className": "Mandarins"}, {"type": "bbox", "classId": 12698, "probability": 100, "points": {"x1": "1800", "x2": "1838", "y1": "3159", "y2": "3198"}, "groupId": 0, "pointLabels": {}, "locked": "false", "visible": "true", "attributes": [], "className": "Mandarins"}, {"type": "bbox", "classId": 12698, "probability": 100, "points": {"x1": "2034", "x2": "2075", "y1": "2660", "y2": "2703"}, "groupId": 0, "pointLabels": {}, "locked": "false", "visible": "true", "attributes": [], "className": "Mandarins"}, {"type": "bbox", "classId": 12698, "probability": 100, "points": {"x1": "2085", "x2": "2133", "y1": "2717", "y2": "2755"}, "groupId": 0, "pointLabels": {}, "locked": "false", "visible": "true", "attributes": [], "className": "Mandarins"}, {"type": "bbox", "classId": 12698, "probability": 100, "points": {"x1": "2121", "x2": "2153", "y1": "2767", "y2": "2812"}, "groupId": 0, "pointLabels": {}, "locked": "false", "visible": "true", "attributes": [], "className": "Mandarins"}, {"type": "bbox", "classId": 12698, "probability": 100, "points": {"x1": "2086", "x2": "2118", "y1": "2773", "y2": "2819"}, "groupId": 0, "pointLabels": {}, "locked": "false", "visible": "true", "attributes": [], "className": "Mandarins"}, {"type": "bbox", "classId": 12698, "probability": 100, "points": {"x1": "1492", "x2": "1542", "y1": "2929", "y2": "3002"}, "groupId": 0, "pointLabels": {}, "locked": "false", "visible": "true", "attributes": [], "className": "Mandarins"}, {"type": "bbox", "classId": 12698, "probability": 100, "points": {"x1": "1664", "x2": "1699", "y1": "2643", "y2": "2685"}, "groupId": 0, "pointLabels": {}, "locked": "false", "visible": "true", "attributes": [], "className": "Mandarins"}, {"type": "bbox", "classId": 12698, "probability": 100, "points": {"x1": "1668", "x2": "1705", "y1": "2320", "y2": "2351"}, "groupId": 0, "pointLabels": {}, "locked": "false", "visible": "true", "attributes": [], "className": "Mandarins"}, {"type": "bbox", "classId": 12698, "probability": 100, "points": {"x1": "1699", "x2": "1732", "y1": "2294", "y2": "2329"}, "groupId": 0, "pointLabels": {}, "locked": "false", "visible": "true", "attributes": [], "className": "Mandarins"}, {"type": "bbox", "classId": 12698, "probability": 100, "points": {"x1": "1706", "x2": "1742", "y1": "2323", "y2": "2352"}, "groupId": 0, "pointLabels": {}, "locked": "false", "visible": "true", "attributes": [], "className": "Mandarins"}, {"type": "bbox", "classId": 12698, "probability": 100, "points": {"x1": "1720", "x2": "1749", "y1": "2394", "y2": "2431"}, "groupId": 0, "pointLabels": {}, "locked": "false", "visible": "true", "attributes": [], "className": "Mandarins"}, {"type": "bbox", "classId": 12698, "probability": 100, "points": {"x1": "1836", "x2": "1870", "y1": "2365", "y2": "2394"}, "groupId": 0, "pointLabels": {}, "locked": "false", "visible": "true", "attributes": [], "className": "Mandarins"}, {"type": "bbox", "classId": 12698, "probability": 100, "points": {"x1": "1846", "x2": "1877", "y1": "2393", "y2": "2421"}, "groupId": 0, "pointLabels": {}, "locked": "false", "visible": "true", "attributes": [], "className": "Mandarins"}, {"type": "bbox", "classId": 12698, "probability": 100, "points": {"x1": "1858", "x2": "1885", "y1": "2431", "y2": "2467"}, "groupId": 0, "pointLabels": {}, "locked": "false", "visible": "true", "attributes": [], "className": "Mandarins"}, {"type": "bbox", "classId": 12698, "probability": 100, "points": {"x1": "1903", "x2": "1940", "y1": "2224", "y2": "2264"}, "groupId": 0, "pointLabels": {}, "locked": "false", "visible": "true", "attributes": [], "className": "Mandarins"}, {"type": "bbox", "classId": 12698, "probability": 100, "points": {"x1": "1784", "x2": "1827", "y1": "2154", "y2": "2187"}, "groupId": 0, "pointLabels": {}, "locked": "false", "visible": "true", "attributes": [], "className": "Mandarins"}, {"type": "bbox", "classId": 12698, "probability": 100, "points": {"x1": "1793", "x2": "1829", "y1": "2191", "y2": "2226"}, "groupId": 0, "pointLabels": {}, "locked": "false", "visible": "true", "attributes": [], "className": "Mandarins"}, {"type": "bbox", "classId": 12698, "probability": 100, "points": {"x1": "1745", "x2": "1782", "y1": "2157", "y2": "2190"}, "groupId": 0, "pointLabels": {}, "locked": "false", "visible": "true", "attributes": [], "className": "Mandarins"}, {"type": "bbox", "classId": 12698, "probability": 100, "points": {"x1": "1753", "x2": "1790", "y1": "2183", "y2": "2216"}, "groupId": 0, "pointLabels": {}, "locked": "false", "visible": "true", "attributes": [], "className": "Mandarins"}, {"type": "bbox", "classId": 12698, "probability": 100, "points": {"x1": "1943", "x2": "1983", "y1": "1957", "y2": "2003"}, "groupId": 0, "pointLabels": {}, "locked": "false", "visible": "true", "attributes": [], "className": "Mandarins"}, {"type": "bbox", "classId": 12698, "probability": 100, "points": {"x1": "1941", "x2": "1967", "y1": "2002", "y2": "2033"}, "groupId": 0, "pointLabels": {}, "locked": "false", "visible": "true", "attributes": [], "className": "Mandarins"}, {"type": "bbox", "classId": 12698, "probability": 100, "points": {"x1": "1952", "x2": "1981", "y1": "2037", "y2": "2075"}, "groupId": 0, "pointLabels": {}, "locked": "false", "visible": "true", "attributes": [], "className": "Mandarins"}, {"type": "bbox", "classId": 12698, "probability": 100, "points": {"x1": "1988", "x2": "2022", "y1": "2034", "y2": "2070"}, "groupId": 0, "pointLabels": {}, "locked": "false", "visible": "true", "attributes": [], "className": "Mandarins"}, {"type": "bbox", "classId": 12698, "probability": 100, "points": {"x1": "2001", "x2": "2037", "y1": "1974", "y2": "2016"}, "groupId": 0, "pointLabels": {}, "locked": "false", "visible": "true", "attributes": [], "className": "Mandarins"}, {"type": "bbox", "classId": 12698, "probability": 100, "points": {"x1": "1780", "x2": "1809", "y1": "1834", "y2": "1872"}, "groupId": 0, "pointLabels": {}, "locked": "false", "visible": "true", "attributes": [], "className": "Mandarins"}, {"type": "bbox", "classId": 12698, "probability": 100, "points": {"x1": "1761", "x2": "1786", "y1": "1863", "y2": "1885"}, "groupId": 0, "pointLabels": {}, "locked": "false", "visible": "true", "attributes": [], "className": "Mandarins"}, {"type": "bbox", "classId": 12698, "probability": 100, "points": {"x1": "1577", "x2": "1606", "y1": "1768", "y2": "1795"}, "groupId": 0, "pointLabels": {}, "locked": "false", "visible": "true", "attributes": [], "className": "Mandarins"}, {"type": "bbox", "classId": 12698, "probability": 100, "points": {"x1": "1477", "x2": "1505", "y1": "1535", "y2": "1573"}, "groupId": 0, "pointLabels": {}, "locked": "false", "visible": "true", "attributes": [], "className": "Mandarins"}, {"type": "bbox", "classId": 12698, "probability": 100, "points": {"x1": "1510", "x2": "1544", "y1": "1527", "y2": "1564"}, "groupId": 0, "pointLabels": {}, "locked": "false", "visible": "true", "attributes": [], "className": "Mandarins"}, {"type": "bbox", "classId": 12698, "probability": 100, "points": {"x1": "1568", "x2": "1602", "y1": "1511", "y2": "1547"}, "groupId": 0, "pointLabels": {}, "locked": "false", "visible": "true", "attributes": [], "className": "Mandarins"}, {"type": "bbox", "classId": 12698, "probability": 100, "points": {"x1": "1589", "x2": "1622", "y1": "1539", "y2": "1576"}, "groupId": 0, "pointLabels": {}, "locked": "false", "visible": "true", "attributes": [], "className": "Mandarins"}, {"type": "bbox", "classId": 12698, "probability": 100, "points": {"x1": "1626", "x2": "1653", "y1": "1531", "y2": "1564"}, "groupId": 0, "pointLabels": {}, "locked": "false", "visible": "true", "attributes": [], "className": "Mandarins"}, {"type": "bbox", "classId": 12698, "probability": 100, "points": {"x1": "1677", "x2": "1714", "y1": "1435", "y2": "1472"}, "groupId": 0, "pointLabels": {}, "locked": "false", "visible": "true", "attributes": [], "className": "Mandarins"}, {"type": "bbox", "classId": 12698, "probability": 100, "points": {"x1": "1712", "x2": "1753", "y1": "1448", "y2": "1484"}, "groupId": 0, "pointLabels": {}, "locked": "false", "visible": "true", "attributes": [], "className": "Mandarins"}, {"type": "bbox", "classId": 12698, "probability": 100, "points": {"x1": "1688", "x2": "1725", "y1": "1477", "y2": "1515"}, "groupId": 0, "pointLabels": {}, "locked": "false", "visible": "true", "attributes": [], "className": "Mandarins"}, {"type": "bbox", "classId": 12698, "probability": 100, "points": {"x1": "1727", "x2": "1755", "y1": "1528", "y2": "1570"}, "groupId": 0, "pointLabels": {}, "locked": "false", "visible": "true", "attributes": [], "className": "Mandarins"}, {"type": "bbox", "classId": 12698, "probability": 100, "points": {"x1": "1849", "x2": "1879", "y1": "1537", "y2": "1571"}, "groupId": 0, "pointLabels": {}, "locked": "false", "visible": "true", "attributes": [], "className": "Mandarins"}, {"type": "bbox", "classId": 12698, "probability": 100, "points": {"x1": "1808", "x2": "1845", "y1": "1580", "y2": "1616"}, "groupId": 0, "pointLabels": {}, "locked": "false", "visible": "true", "attributes": [], "className": "Mandarins"}, {"type": "bbox", "classId": 12698, "probability": 100, "points": {"x1": "1832", "x2": "1860", "y1": "1637", "y2": "1670"}, "groupId": 0, "pointLabels": {}, "locked": "false", "visible": "true", "attributes": [], "className": "Mandarins"}, {"type": "bbox", "classId": 12698, "probability": 100, "points": {"x1": "1871", "x2": "1904", "y1": "1652", "y2": "1684"}, "groupId": 0, "pointLabels": {}, "locked": "false", "visible": "true", "attributes": [], "className": "Mandarins"}, {"type": "bbox", "classId": 12698, "probability": 100, "points": {"x1": "1862", "x2": "1893", "y1": "1685", "y2": "1721"}, "groupId": 0, "pointLabels": {}, "locked": "false", "visible": "true", "attributes": [], "className": "Mandarins"}, {"type": "bbox", "classId": 12698, "probability": 100, "points": {"x1": "1652", "x2": "1690", "y1": "1849", "y2": "1885"}, "groupId": 0, "pointLabels": {}, "locked": "false", "visible": "true", "attributes": [], "className": "Mandarins"}, {"type": "bbox", "classId": 12698, "probability": 100, "points": {"x1": "1773", "x2": "1807", "y1": "3073", "y2": "3111"}, "groupId": 0, "pointLabels": {}, "locked": "false", "visible": "true", "attributes": [], "className": "Mandarins"}, {"type": "bbox", "classId": 12698, "probability": 100, "points": {"x1": "2114", "x2": "2155", "y1": "2885", "y2": "2928"}, "groupId": 0, "pointLabels": {}, "locked": "false", "visible": "true", "attributes": [], "className": "Mandarins"}, {"type": "bbox", "classId": 12698, "probability": 100, "points": {"x1": "2186", "x2": "2217", "y1": "2899", "y2": "2931"}, "groupId": 0, "pointLabels": {}, "locked": "false", "visible": "true", "attributes": [], "className": "Mandarins"}, {"type": "bbox", "classId": 12698, "probability": 100, "points": {"x1": "1873", "x2": "1901", "y1": "2793", "y2": "2820"}, "groupId": 0, "pointLabels": {}, "locked": "false", "visible": "true", "attributes": [], "className": "Mandarins"}, {"type": "bbox", "classId": 12698, "probability": 100, "points": {"x1": "1891", "x2": "1916", "y1": "2813", "y2": "2841"}, "groupId": 0, "pointLabels": {}, "locked": "false", "visible": "true", "attributes": [], "className": "Mandarins"}, {"type": "bbox", "classId": 12698, "probability": 100, "points": {"x1": "1939", "x2": "1967", "y1": "2328", "y2": "2364"}, "groupId": 0, "pointLabels": {}, "locked": "false", "visible": "true", "attributes": [], "className": "Mandarins"}, {"type": "bbox", "classId": 12698, "probability": 100, "points": {"x1": "2783", "x2": "2824", "y1": "2567", "y2": "2609"}, "groupId": 0, "pointLabels": {}, "locked": "false", "visible": "true", "attributes": [], "className": "Mandarins"}, {"type": "bbox", "classId": 12698, "probability": 100, "points": {"x1": "2504", "x2": "2542", "y1": "2400", "y2": "2420"}, "groupId": 0, "pointLabels": {}, "locked": "false", "visible": "true", "attributes": [], "className": "Mandarins"}, {"type": "bbox", "classId": 12698, "probability": 100, "points": {"x1": "2486", "x2": "2516", "y1": "2419", "y2": "2450"}, "groupId": 0, "pointLabels": {}, "locked": "false", "visible": "true", "attributes": [], "className": "Mandarins"}, {"type": "bbox", "classId": 12698, "probability": 100, "points": {"x1": "2153", "x2": "2184", "y1": "2126", "y2": "2157"}, "groupId": 0, "pointLabels": {}, "locked": "false", "visible": "true", "attributes": [], "className": "Mandarins"}, {"type": "bbox", "classId": 12698, "probability": 100, "points": {"x1": "2118", "x2": "2149", "y1": "2185", "y2": "2221"}, "groupId": 0, "pointLabels": {}, "locked": "false", "visible": "true", "attributes": [], "className": "Mandarins"}, {"type": "bbox", "classId": 12698, "probability": 100, "points": {"x1": "2008", "x2": "2033", "y1": "2252", "y2": "2281"}, "groupId": 0, "pointLabels": {}, "locked": "false", "visible": "true", "attributes": [], "className": "Mandarins"}, {"type": "bbox", "classId": 12698, "probability": 100, "points": {"x1": "2038", "x2": "2060", "y1": "2252", "y2": "2276"}, "groupId": 0, "pointLabels": {}, "locked": "false", "visible": "true", "attributes": [], "className": "Mandarins"}, {"type": "bbox", "classId": 12698, "probability": 100, "points": {"x1": "2197", "x2": "2236", "y1": "1844", "y2": "1880"}, "groupId": 0, "pointLabels": {}, "locked": "false", "visible": "true", "attributes": [], "className": "Mandarins"}, {"type": "bbox", "classId": 12698, "probability": 100, "points": {"x1": "2027", "x2": "2056", "y1": "1776", "y2": "1808"}, "groupId": 0, "pointLabels": {}, "locked": "false", "visible": "true", "attributes": [], "className": "Mandarins"}, {"type": "bbox", "classId": 12698, "probability": 100, "points": {"x1": "2205", "x2": "2244", "y1": "3056", "y2": "3088"}, "groupId": 0, "pointLabels": {}, "locked": "false", "visible": "true", "attributes": [], "className": "Mandarins"}, {"type": "bbox", "classId": 12698, "probability": 100, "points": {"x1": "2143", "x2": "2170", "y1": "2666", "y2": "2699"}, "groupId": 0, "pointLabels": {}, "locked": "false", "visible": "true", "attributes": [], "className": "Mandarins"}, {"type": "bbox", "classId": 12698, "probability": 100, "points": {"x1": "2161", "x2": "2186", "y1": "2685", "y2": "2713"}, "groupId": 0, "pointLabels": {}, "locked": "false", "visible": "true", "attributes": [], "className": "Mandarins"}, {"type": "bbox", "classId": 12698, "probability": 100, "points": {"x1": "2364", "x2": "2395", "y1": "2329", "y2": "2362"}, "groupId": 0, "pointLabels": {}, "locked": "false", "visible": "true", "attributes": [], "className": "Mandarins"}, {"type": "bbox", "classId": 12698, "probability": 100, "points": {"x1": "2030", "x2": "2051", "y1": "2059", "y2": "2097"}, "groupId": 0, "pointLabels": {}, "locked": "false", "visible": "true", "attributes": [], "className": "Mandarins"}, {"type": "bbox", "classId": 12698, "probability": 100, "points": {"x1": "2018", "x2": "2043", "y1": "1825", "y2": "1851"}, "groupId": 0, "pointLabels": {}, "locked": "false", "visible": "true", "attributes": [], "className": "Mandarins"}, {"type": "bbox", "classId": 12698, "probability": 100, "points": {"x1": "2043", "x2": "2066", "y1": "1823", "y2": "1851"}, "groupId": 0, "pointLabels": {}, "locked": "false", "visible": "true", "attributes": [], "className": "Mandarins"}, {"type": "bbox", "classId": 12698, "probability": 100, "points": {"x1": "2011", "x2": "2036", "y1": "1855", "y2": "1880"}, "groupId": 0, "pointLabels": {}, "locked": "false", "visible": "true", "attributes": [], "className": "Mandarins"}, {"type": "bbox", "classId": 12698, "probability": 100, "points": {"x1": "2034", "x2": "2061", "y1": "1883", "y2": "1914"}, "groupId": 0, "pointLabels": {}, "locked": "false", "visible": "true", "attributes": [], "className": "Mandarins"}, {"type": "bbox", "classId": 12698, "probability": 100, "points": {"x1": "2061", "x2": "2087", "y1": "1876", "y2": "1897"}, "groupId": 0, "pointLabels": {}, "locked": "false", "visible": "true", "attributes": [], "className": "Mandarins"}, {"type": "bbox", "classId": 12698, "probability": 100, "points": {"x1": "2060", "x2": "2082", "y1": "1786", "y2": "1806"}, "groupId": 0, "pointLabels": {}, "locked": "false", "visible": "true", "attributes": [], "className": "Mandarins"}, {"type": "bbox", "classId": 12698, "probability": 100, "points": {"x1": "2074", "x2": "2096", "y1": "1800", "y2": "1821"}, "groupId": 0, "pointLabels": {}, "locked": "false", "visible": "true", "attributes": [], "className": "Mandarins"}, {"type": "bbox", "classId": 12698, "probability": 100, "points": {"x1": "2130", "x2": "2152", "y1": "1506", "y2": "1529"}, "groupId": 0, "pointLabels": {}, "locked": "false", "visible": "true", "attributes": [], "className": "Mandarins"}, {"type": "bbox", "classId": 12698, "probability": 100, "points": {"x1": "1922", "x2": "1945", "y1": "1491", "y2": "1525"}, "groupId": 0, "pointLabels": {}, "locked": "false", "visible": "true", "attributes": [], "className": "Mandarins"}, {"type": "bbox", "classId": 12698, "probability": 100, "points": {"x1": "1948", "x2": "1975", "y1": "1490", "y2": "1522"}, "groupId": 0, "pointLabels": {}, "locked": "false", "visible": "true", "attributes": [], "className": "Mandarins"}, {"type": "bbox", "classId": 12698, "probability": 100, "points": {"x1": "1858", "x2": "1908", "y1": "1263", "y2": "1327"}, "groupId": 0, "pointLabels": {}, "locked": "false", "visible": "true", "attributes": [], "className": "Mandarins"}, {"type": "bbox", "classId": 12698, "probability": 100, "points": {"x1": "1803", "x2": "1827", "y1": "1301", "y2": "1347"}, "groupId": 0, "pointLabels": {}, "locked": "false", "visible": "true", "attributes": [], "className": "Mandarins"}, {"type": "bbox", "classId": 12698, "probability": 100, "points": {"x1": "1831", "x2": "1861", "y1": "1319", "y2": "1355"}, "groupId": 0, "pointLabels": {}, "locked": "false", "visible": "true", "attributes": [], "className": "Mandarins"}, {"type": "bbox", "classId": 12698, "probability": 100, "points": {"x1": "1795", "x2": "1833", "y1": "1334", "y2": "1369"}, "groupId": 0, "pointLabels": {}, "locked": "false", "visible": "true", "attributes": [], "className": "Mandarins"}, {"type": "bbox", "classId": 12698, "probability": 100, "points": {"x1": "1534", "x2": "1568", "y1": "1303", "y2": "1342"}, "groupId": 0, "pointLabels": {}, "locked": "false", "visible": "true", "attributes": [], "className": "Mandarins"}, {"type": "bbox", "classId": 12698, "probability": 100, "points": {"x1": "1471", "x2": "1506", "y1": "1400", "y2": "1441"}, "groupId": 0, "pointLabels": {}, "locked": "false", "visible": "true", "attributes": [], "className": "Mandarins"}, {"type": "bbox", "classId": 12698, "probability": 100, "points": {"x1": "1518", "x2": "1556", "y1": "1393", "y2": "1434"}, "groupId": 0, "pointLabels": {}, "locked": "false", "visible": "true", "attributes": [], "className": "Mandarins"}, {"type": "bbox", "classId": 12698, "probability": 100, "points": {"x1": "1561", "x2": "1590", "y1": "1200", "y2": "1241"}, "groupId": 0, "pointLabels": {}, "locked": "false", "visible": "true", "attributes": [], "className": "Mandarins"}, {"type": "bbox", "classId": 12698, "probability": 100, "points": {"x1": "1231", "x2": "1262", "y1": "1599", "y2": "1633"}, "groupId": 0, "pointLabels": {}, "locked": "false", "visible": "true", "attributes": [], "className": "Mandarins"}, {"type": "bbox", "classId": 12698, "probability": 100, "points": {"x1": "1495", "x2": "1524", "y1": "1596", "y2": "1632"}, "groupId": 0, "pointLabels": {}, "locked": "false", "visible": "true", "attributes": [], "className": "Mandarins"}, {"type": "bbox", "classId": 12698, "probability": 100, "points": {"x1": "1523", "x2": "1555", "y1": "1613", "y2": "1647"}, "groupId": 0, "pointLabels": {}, "locked": "false", "visible": "true", "attributes": [], "className": "Mandarins"}, {"type": "bbox", "classId": 12698, "probability": 100, "points": {"x1": "1504", "x2": "1531", "y1": "1640", "y2": "1671"}, "groupId": 0, "pointLabels": {}, "locked": "false", "visible": "true", "attributes": [], "className": "Mandarins"}, {"type": "bbox", "classId": 12698, "probability": 100, "points": {"x1": "1557", "x2": "1580", "y1": "1786", "y2": "1812"}, "groupId": 0, "pointLabels": {}, "locked": "false", "visible": "true", "attributes": [], "className": "Mandarins"}, {"type": "bbox", "classId": 12698, "probability": 100, "points": {"x1": "1606", "x2": "1628", "y1": "1772", "y2": "1801"}, "groupId": 0, "pointLabels": {}, "locked": "false", "visible": "true", "attributes": [], "className": "Mandarins"}, {"type": "bbox", "classId": 12698, "probability": 100, "points": {"x1": "1722", "x2": "1749", "y1": "1825", "y2": "1857"}, "groupId": 0, "pointLabels": {}, "locked": "false", "visible": "true", "attributes": [], "className": "Mandarins"}, {"type": "bbox", "classId": 12698, "probability": 100, "points": {"x1": "1724", "x2": "1748", "y1": "1750", "y2": "1779"}, "groupId": 0, "pointLabels": {}, "locked": "false", "visible": "true", "attributes": [], "className": "Mandarins"}, {"type": "bbox", "classId": 12698, "probability": 100, "points": {"x1": "1627", "x2": "1654", "y1": "1755", "y2": "1777"}, "groupId": 0, "pointLabels": {}, "locked": "false", "visible": "true", "attributes": [], "className": "Mandarins"}, {"type": "bbox", "classId": 12698, "probability": 100, "points": {"x1": "1815", "x2": "1843", "y1": "1845", "y2": "1875"}, "groupId": 0, "pointLabels": {}, "locked": "false", "visible": "true", "attributes": [], "className": "Mandarins"}, {"type": "bbox", "classId": 12698, "probability": 100, "points": {"x1": "1768", "x2": "1791", "y1": "1783", "y2": "1808"}, "groupId": 0, "pointLabels": {}, "locked": "false", "visible": "true", "attributes": [], "className": "Mandarins"}, {"type": "bbox", "classId": 12698, "probability": 100, "points": {"x1": "1794", "x2": "1817", "y1": "1794", "y2": "1818"}, "groupId": 0, "pointLabels": {}, "locked": "false", "visible": "true", "attributes": [], "className": "Mandarins"}, {"type": "bbox", "classId": 12698, "probability": 100, "points": {"x1": "1698", "x2": "1719", "y1": "1781", "y2": "1805"}, "groupId": 0, "pointLabels": {}, "locked": "false", "visible": "true", "attributes": [], "className": "Mandarins"}, {"type": "bbox", "classId": 12698, "probability": 100, "points": {"x1": "1645", "x2": "1669", "y1": "1783", "y2": "1812"}, "groupId": 0, "pointLabels": {}, "locked": "false", "visible": "true", "attributes": [], "className": "Mandarins"}, {"type": "bbox", "classId": 12698, "probability": 100, "points": {"x1": "1628", "x2": "1645", "y1": "1802", "y2": "1820"}, "groupId": 0, "pointLabels": {}, "locked": "false", "visible": "true", "attributes": [], "className": "Mandarins"}, {"type": "bbox", "classId": 12698, "probability": 100, "points": {"x1": "1684", "x2": "1707", "y1": "1908", "y2": "1931"}, "groupId": 0, "pointLabels": {}, "locked": "false", "visible": "true", "attributes": [], "className": "Mandarins"}, {"type": "bbox", "classId": 12698, "probability": 100, "points": {"x1": "1644", "x2": "1669", "y1": "1917", "y2": "1937"}, "groupId": 0, "pointLabels": {}, "locked": "false", "visible": "true", "attributes": [], "className": "Mandarins"}, {"type": "bbox", "classId": 12698, "probability": 100, "points": {"x1": "1564", "x2": "1593", "y1": "1893", "y2": "1921"}, "groupId": 0, "pointLabels": {}, "locked": "false", "visible": "true", "attributes": [], "className": "Mandarins"}, {"type": "bbox", "classId": 12698, "probability": 100, "points": {"x1": "1543", "x2": "1564", "y1": "1911", "y2": "1937"}, "groupId": 0, "pointLabels": {}, "locked": "false", "visible": "true", "attributes": [], "className": "Mandarins"}, {"type": "bbox", "classId": 12698, "probability": 100, "points": {"x1": "1621", "x2": "1645", "y1": "1988", "y2": "2011"}, "groupId": 0, "pointLabels": {}, "locked": "false", "visible": "true", "attributes": [], "className": "Mandarins"}, {"type": "bbox", "classId": 12698, "probability": 100, "points": {"x1": "1454", "x2": "1499", "y1": "1876", "y2": "1929"}, "groupId": 0, "pointLabels": {}, "locked": "false", "visible": "true", "attributes": [], "className": "Mandarins"}, {"type": "bbox", "classId": 12698, "probability": 100, "points": {"x1": "2099", "x2": "2140", "y1": "2925", "y2": "2958"}, "groupId": 0, "pointLabels": {}, "locked": "false", "visible": "true", "attributes": [], "className": "Mandarins"}, {"type": "bbox", "classId": 12698, "probability": 100, "points": {"x1": "1484", "x2": "1520", "y1": "3325", "y2": "3373"}, "groupId": 0, "pointLabels": {}, "locked": "false", "visible": "true", "attributes": [], "className": "Mandarins"}, {"type": "bbox", "classId": 12698, "probability": 100, "points": {"x1": "1400", "x2": "1444", "y1": "3380", "y2": "3430"}, "groupId": 0, "pointLabels": {}, "locked": "false", "visible": "true", "attributes": [], "className": "Mandarins"}, {"type": "bbox", "classId": 12698, "probability": 100, "points": {"x1": "2846", "x2": "2881", "y1": "2648", "y2": "2676"}, "groupId": 0, "pointLabels": {}, "locked": "false", "visible": "true", "attributes": [], "className": "Mandarins"}]