<annotation>
	<folder>downloaddump</folder>
	<filename>IMG_jeff@fruitscout.ai_1596729665.744972.jpg</filename>
	<path>Z:\Foreman\2020\downloaddump\IMG_jeff@fruitscout.ai_1596729665.744972.jpg</path>
	<source>
		<database>Unknown</database>
	</source>
	<size>
		<width>3024</width>
		<height>4032</height>
		<depth>3</depth>
	</size>
	<segmented>0</segmented>
	<object>
		<name>AnjouPears</name>
		<pose>Unspecified</pose>
		<truncated>0</truncated>
		<difficult>0</difficult>
		<bndbox>
			<xmin>515</xmin>
			<ymin>1133</ymin>
			<xmax>563</xmax>
			<ymax>1185</ymax>
		</bndbox>
	</object>
	<object>
		<name>AnjouPears</name>
		<pose>Unspecified</pose>
		<truncated>0</truncated>
		<difficult>0</difficult>
		<bndbox>
			<xmin>550</xmin>
			<ymin>1213</ymin>
			<xmax>605</xmax>
			<ymax>1273</ymax>
		</bndbox>
	</object>
	<object>
		<name>AnjouPears</name>
		<pose>Unspecified</pose>
		<truncated>0</truncated>
		<difficult>0</difficult>
		<bndbox>
			<xmin>590</xmin>
			<ymin>1204</ymin>
			<xmax>643</xmax>
			<ymax>1260</ymax>
		</bndbox>
	</object>
	<object>
		<name>AnjouPears</name>
		<pose>Unspecified</pose>
		<truncated>0</truncated>
		<difficult>0</difficult>
		<bndbox>
			<xmin>610</xmin>
			<ymin>1258</ymin>
			<xmax>660</xmax>
			<ymax>1311</ymax>
		</bndbox>
	</object>
	<object>
		<name>AnjouPears</name>
		<pose>Unspecified</pose>
		<truncated>0</truncated>
		<difficult>0</difficult>
		<bndbox>
			<xmin>645</xmin>
			<ymin>1220</ymin>
			<xmax>696</xmax>
			<ymax>1277</ymax>
		</bndbox>
	</object>
	<object>
		<name>AnjouPears</name>
		<pose>Unspecified</pose>
		<truncated>0</truncated>
		<difficult>0</difficult>
		<bndbox>
			<xmin>668</xmin>
			<ymin>1298</ymin>
			<xmax>722</xmax>
			<ymax>1353</ymax>
		</bndbox>
	</object>
	<object>
		<name>AnjouPears</name>
		<pose>Unspecified</pose>
		<truncated>0</truncated>
		<difficult>0</difficult>
		<bndbox>
			<xmin>640</xmin>
			<ymin>1322</ymin>
			<xmax>684</xmax>
			<ymax>1373</ymax>
		</bndbox>
	</object>
	<object>
		<name>AnjouPears</name>
		<pose>Unspecified</pose>
		<truncated>0</truncated>
		<difficult>0</difficult>
		<bndbox>
			<xmin>687</xmin>
			<ymin>1340</ymin>
			<xmax>730</xmax>
			<ymax>1387</ymax>
		</bndbox>
	</object>
	<object>
		<name>AnjouPears</name>
		<pose>Unspecified</pose>
		<truncated>0</truncated>
		<difficult>0</difficult>
		<bndbox>
			<xmin>683</xmin>
			<ymin>1415</ymin>
			<xmax>734</xmax>
			<ymax>1469</ymax>
		</bndbox>
	</object>
	<object>
		<name>AnjouPears</name>
		<pose>Unspecified</pose>
		<truncated>0</truncated>
		<difficult>0</difficult>
		<bndbox>
			<xmin>884</xmin>
			<ymin>1235</ymin>
			<xmax>935</xmax>
			<ymax>1287</ymax>
		</bndbox>
	</object>
	<object>
		<name>AnjouPears</name>
		<pose>Unspecified</pose>
		<truncated>0</truncated>
		<difficult>0</difficult>
		<bndbox>
			<xmin>886</xmin>
			<ymin>1288</ymin>
			<xmax>927</xmax>
			<ymax>1322</ymax>
		</bndbox>
	</object>
	<object>
		<name>AnjouPears</name>
		<pose>Unspecified</pose>
		<truncated>0</truncated>
		<difficult>0</difficult>
		<bndbox>
			<xmin>927</xmin>
			<ymin>1285</ymin>
			<xmax>969</xmax>
			<ymax>1326</ymax>
		</bndbox>
	</object>
	<object>
		<name>AnjouPears</name>
		<pose>Unspecified</pose>
		<truncated>0</truncated>
		<difficult>0</difficult>
		<bndbox>
			<xmin>936</xmin>
			<ymin>1232</ymin>
			<xmax>975</xmax>
			<ymax>1280</ymax>
		</bndbox>
	</object>
	<object>
		<name>AnjouPears</name>
		<pose>Unspecified</pose>
		<truncated>0</truncated>
		<difficult>0</difficult>
		<bndbox>
			<xmin>1261</xmin>
			<ymin>1325</ymin>
			<xmax>1302</xmax>
			<ymax>1365</ymax>
		</bndbox>
	</object>
	<object>
		<name>AnjouPears</name>
		<pose>Unspecified</pose>
		<truncated>0</truncated>
		<difficult>0</difficult>
		<bndbox>
			<xmin>1239</xmin>
			<ymin>1357</ymin>
			<xmax>1275</xmax>
			<ymax>1394</ymax>
		</bndbox>
	</object>
	<object>
		<name>AnjouPears</name>
		<pose>Unspecified</pose>
		<truncated>0</truncated>
		<difficult>0</difficult>
		<bndbox>
			<xmin>1275</xmin>
			<ymin>1363</ymin>
			<xmax>1308</xmax>
			<ymax>1400</ymax>
		</bndbox>
	</object>
	<object>
		<name>AnjouPears</name>
		<pose>Unspecified</pose>
		<truncated>0</truncated>
		<difficult>0</difficult>
		<bndbox>
			<xmin>1266</xmin>
			<ymin>1395</ymin>
			<xmax>1299</xmax>
			<ymax>1424</ymax>
		</bndbox>
	</object>
	<object>
		<name>AnjouPears</name>
		<pose>Unspecified</pose>
		<truncated>0</truncated>
		<difficult>0</difficult>
		<bndbox>
			<xmin>1239</xmin>
			<ymin>1396</ymin>
			<xmax>1264</xmax>
			<ymax>1422</ymax>
		</bndbox>
	</object>
	<object>
		<name>AnjouPears</name>
		<pose>Unspecified</pose>
		<truncated>0</truncated>
		<difficult>0</difficult>
		<bndbox>
			<xmin>1331</xmin>
			<ymin>1400</ymin>
			<xmax>1370</xmax>
			<ymax>1448</ymax>
		</bndbox>
	</object>
	<object>
		<name>AnjouPears</name>
		<pose>Unspecified</pose>
		<truncated>0</truncated>
		<difficult>0</difficult>
		<bndbox>
			<xmin>1384</xmin>
			<ymin>1454</ymin>
			<xmax>1424</xmax>
			<ymax>1497</ymax>
		</bndbox>
	</object>
	<object>
		<name>AnjouPears</name>
		<pose>Unspecified</pose>
		<truncated>0</truncated>
		<difficult>0</difficult>
		<bndbox>
			<xmin>1423</xmin>
			<ymin>1430</ymin>
			<xmax>1458</xmax>
			<ymax>1476</ymax>
		</bndbox>
	</object>
	<object>
		<name>AnjouPears</name>
		<pose>Unspecified</pose>
		<truncated>0</truncated>
		<difficult>0</difficult>
		<bndbox>
			<xmin>1331</xmin>
			<ymin>1313</ymin>
			<xmax>1374</xmax>
			<ymax>1360</ymax>
		</bndbox>
	</object>
	<object>
		<name>AnjouPears</name>
		<pose>Unspecified</pose>
		<truncated>0</truncated>
		<difficult>0</difficult>
		<bndbox>
			<xmin>1308</xmin>
			<ymin>1252</ymin>
			<xmax>1346</xmax>
			<ymax>1295</ymax>
		</bndbox>
	</object>
	<object>
		<name>AnjouPears</name>
		<pose>Unspecified</pose>
		<truncated>0</truncated>
		<difficult>0</difficult>
		<bndbox>
			<xmin>1381</xmin>
			<ymin>1513</ymin>
			<xmax>1412</xmax>
			<ymax>1547</ymax>
		</bndbox>
	</object>
	<object>
		<name>AnjouPears</name>
		<pose>Unspecified</pose>
		<truncated>0</truncated>
		<difficult>0</difficult>
		<bndbox>
			<xmin>1412</xmin>
			<ymin>1525</ymin>
			<xmax>1442</xmax>
			<ymax>1557</ymax>
		</bndbox>
	</object>
	<object>
		<name>AnjouPears</name>
		<pose>Unspecified</pose>
		<truncated>0</truncated>
		<difficult>0</difficult>
		<bndbox>
			<xmin>1446</xmin>
			<ymin>1576</ymin>
			<xmax>1479</xmax>
			<ymax>1611</ymax>
		</bndbox>
	</object>
	<object>
		<name>AnjouPears</name>
		<pose>Unspecified</pose>
		<truncated>0</truncated>
		<difficult>0</difficult>
		<bndbox>
			<xmin>1446</xmin>
			<ymin>1537</ymin>
			<xmax>1471</xmax>
			<ymax>1562</ymax>
		</bndbox>
	</object>
	<object>
		<name>AnjouPears</name>
		<pose>Unspecified</pose>
		<truncated>0</truncated>
		<difficult>0</difficult>
		<bndbox>
			<xmin>1417</xmin>
			<ymin>1559</ymin>
			<xmax>1444</xmax>
			<ymax>1589</ymax>
		</bndbox>
	</object>
	<object>
		<name>AnjouPears</name>
		<pose>Unspecified</pose>
		<truncated>0</truncated>
		<difficult>0</difficult>
		<bndbox>
			<xmin>1347</xmin>
			<ymin>1266</ymin>
			<xmax>1387</xmax>
			<ymax>1315</ymax>
		</bndbox>
	</object>
	<object>
		<name>AnjouPears</name>
		<pose>Unspecified</pose>
		<truncated>0</truncated>
		<difficult>0</difficult>
		<bndbox>
			<xmin>1393</xmin>
			<ymin>1259</ymin>
			<xmax>1429</xmax>
			<ymax>1300</ymax>
		</bndbox>
	</object>
	<object>
		<name>AnjouPears</name>
		<pose>Unspecified</pose>
		<truncated>0</truncated>
		<difficult>0</difficult>
		<bndbox>
			<xmin>1431</xmin>
			<ymin>1220</ymin>
			<xmax>1473</xmax>
			<ymax>1265</ymax>
		</bndbox>
	</object>
	<object>
		<name>AnjouPears</name>
		<pose>Unspecified</pose>
		<truncated>0</truncated>
		<difficult>0</difficult>
		<bndbox>
			<xmin>1362</xmin>
			<ymin>1224</ymin>
			<xmax>1395</xmax>
			<ymax>1261</ymax>
		</bndbox>
	</object>
	<object>
		<name>AnjouPears</name>
		<pose>Unspecified</pose>
		<truncated>0</truncated>
		<difficult>0</difficult>
		<bndbox>
			<xmin>1106</xmin>
			<ymin>1457</ymin>
			<xmax>1162</xmax>
			<ymax>1512</ymax>
		</bndbox>
	</object>
	<object>
		<name>AnjouPears</name>
		<pose>Unspecified</pose>
		<truncated>0</truncated>
		<difficult>0</difficult>
		<bndbox>
			<xmin>1147</xmin>
			<ymin>1491</ymin>
			<xmax>1201</xmax>
			<ymax>1548</ymax>
		</bndbox>
	</object>
	<object>
		<name>AnjouPears</name>
		<pose>Unspecified</pose>
		<truncated>0</truncated>
		<difficult>0</difficult>
		<bndbox>
			<xmin>1160</xmin>
			<ymin>1542</ymin>
			<xmax>1216</xmax>
			<ymax>1600</ymax>
		</bndbox>
	</object>
	<object>
		<name>AnjouPears</name>
		<pose>Unspecified</pose>
		<truncated>0</truncated>
		<difficult>0</difficult>
		<bndbox>
			<xmin>1102</xmin>
			<ymin>1548</ymin>
			<xmax>1159</xmax>
			<ymax>1603</ymax>
		</bndbox>
	</object>
	<object>
		<name>AnjouPears</name>
		<pose>Unspecified</pose>
		<truncated>0</truncated>
		<difficult>0</difficult>
		<bndbox>
			<xmin>1134</xmin>
			<ymin>1590</ymin>
			<xmax>1177</xmax>
			<ymax>1628</ymax>
		</bndbox>
	</object>
	<object>
		<name>AnjouPears</name>
		<pose>Unspecified</pose>
		<truncated>0</truncated>
		<difficult>0</difficult>
		<bndbox>
			<xmin>1145</xmin>
			<ymin>1626</ymin>
			<xmax>1175</xmax>
			<ymax>1662</ymax>
		</bndbox>
	</object>
	<object>
		<name>AnjouPears</name>
		<pose>Unspecified</pose>
		<truncated>0</truncated>
		<difficult>0</difficult>
		<bndbox>
			<xmin>1025</xmin>
			<ymin>1582</ymin>
			<xmax>1081</xmax>
			<ymax>1638</ymax>
		</bndbox>
	</object>
	<object>
		<name>AnjouPears</name>
		<pose>Unspecified</pose>
		<truncated>0</truncated>
		<difficult>0</difficult>
		<bndbox>
			<xmin>1072</xmin>
			<ymin>1609</ymin>
			<xmax>1118</xmax>
			<ymax>1657</ymax>
		</bndbox>
	</object>
	<object>
		<name>AnjouPears</name>
		<pose>Unspecified</pose>
		<truncated>0</truncated>
		<difficult>0</difficult>
		<bndbox>
			<xmin>1066</xmin>
			<ymin>1649</ymin>
			<xmax>1106</xmax>
			<ymax>1672</ymax>
		</bndbox>
	</object>
	<object>
		<name>AnjouPears</name>
		<pose>Unspecified</pose>
		<truncated>0</truncated>
		<difficult>0</difficult>
		<bndbox>
			<xmin>1090</xmin>
			<ymin>1672</ymin>
			<xmax>1121</xmax>
			<ymax>1702</ymax>
		</bndbox>
	</object>
	<object>
		<name>AnjouPears</name>
		<pose>Unspecified</pose>
		<truncated>0</truncated>
		<difficult>0</difficult>
		<bndbox>
			<xmin>1023</xmin>
			<ymin>1622</ymin>
			<xmax>1063</xmax>
			<ymax>1661</ymax>
		</bndbox>
	</object>
	<object>
		<name>AnjouPears</name>
		<pose>Unspecified</pose>
		<truncated>0</truncated>
		<difficult>0</difficult>
		<bndbox>
			<xmin>1041</xmin>
			<ymin>1662</ymin>
			<xmax>1084</xmax>
			<ymax>1696</ymax>
		</bndbox>
	</object>
	<object>
		<name>AnjouPears</name>
		<pose>Unspecified</pose>
		<truncated>0</truncated>
		<difficult>0</difficult>
		<bndbox>
			<xmin>942</xmin>
			<ymin>1689</ymin>
			<xmax>977</xmax>
			<ymax>1733</ymax>
		</bndbox>
	</object>
	<object>
		<name>AnjouPears</name>
		<pose>Unspecified</pose>
		<truncated>0</truncated>
		<difficult>0</difficult>
		<bndbox>
			<xmin>1003</xmin>
			<ymin>1704</ymin>
			<xmax>1039</xmax>
			<ymax>1740</ymax>
		</bndbox>
	</object>
	<object>
		<name>AnjouPears</name>
		<pose>Unspecified</pose>
		<truncated>0</truncated>
		<difficult>0</difficult>
		<bndbox>
			<xmin>906</xmin>
			<ymin>1766</ymin>
			<xmax>938</xmax>
			<ymax>1804</ymax>
		</bndbox>
	</object>
	<object>
		<name>AnjouPears</name>
		<pose>Unspecified</pose>
		<truncated>0</truncated>
		<difficult>0</difficult>
		<bndbox>
			<xmin>937</xmin>
			<ymin>1781</ymin>
			<xmax>973</xmax>
			<ymax>1817</ymax>
		</bndbox>
	</object>
	<object>
		<name>AnjouPears</name>
		<pose>Unspecified</pose>
		<truncated>0</truncated>
		<difficult>0</difficult>
		<bndbox>
			<xmin>918</xmin>
			<ymin>1811</ymin>
			<xmax>954</xmax>
			<ymax>1845</ymax>
		</bndbox>
	</object>
	<object>
		<name>AnjouPears</name>
		<pose>Unspecified</pose>
		<truncated>0</truncated>
		<difficult>0</difficult>
		<bndbox>
			<xmin>962</xmin>
			<ymin>1808</ymin>
			<xmax>992</xmax>
			<ymax>1837</ymax>
		</bndbox>
	</object>
	<object>
		<name>AnjouPears</name>
		<pose>Unspecified</pose>
		<truncated>0</truncated>
		<difficult>0</difficult>
		<bndbox>
			<xmin>730</xmin>
			<ymin>1724</ymin>
			<xmax>776</xmax>
			<ymax>1776</ymax>
		</bndbox>
	</object>
	<object>
		<name>AnjouPears</name>
		<pose>Unspecified</pose>
		<truncated>0</truncated>
		<difficult>0</difficult>
		<bndbox>
			<xmin>773</xmin>
			<ymin>1742</ymin>
			<xmax>818</xmax>
			<ymax>1785</ymax>
		</bndbox>
	</object>
	<object>
		<name>AnjouPears</name>
		<pose>Unspecified</pose>
		<truncated>0</truncated>
		<difficult>0</difficult>
		<bndbox>
			<xmin>685</xmin>
			<ymin>1742</ymin>
			<xmax>725</xmax>
			<ymax>1783</ymax>
		</bndbox>
	</object>
	<object>
		<name>AnjouPears</name>
		<pose>Unspecified</pose>
		<truncated>0</truncated>
		<difficult>0</difficult>
		<bndbox>
			<xmin>651</xmin>
			<ymin>1719</ymin>
			<xmax>689</xmax>
			<ymax>1759</ymax>
		</bndbox>
	</object>
	<object>
		<name>AnjouPears</name>
		<pose>Unspecified</pose>
		<truncated>0</truncated>
		<difficult>0</difficult>
		<bndbox>
			<xmin>639</xmin>
			<ymin>1759</ymin>
			<xmax>679</xmax>
			<ymax>1794</ymax>
		</bndbox>
	</object>
	<object>
		<name>AnjouPears</name>
		<pose>Unspecified</pose>
		<truncated>0</truncated>
		<difficult>0</difficult>
		<bndbox>
			<xmin>606</xmin>
			<ymin>1783</ymin>
			<xmax>646</xmax>
			<ymax>1817</ymax>
		</bndbox>
	</object>
	<object>
		<name>AnjouPears</name>
		<pose>Unspecified</pose>
		<truncated>0</truncated>
		<difficult>0</difficult>
		<bndbox>
			<xmin>612</xmin>
			<ymin>1809</ymin>
			<xmax>651</xmax>
			<ymax>1840</ymax>
		</bndbox>
	</object>
	<object>
		<name>AnjouPears</name>
		<pose>Unspecified</pose>
		<truncated>0</truncated>
		<difficult>0</difficult>
		<bndbox>
			<xmin>519</xmin>
			<ymin>1744</ymin>
			<xmax>562</xmax>
			<ymax>1790</ymax>
		</bndbox>
	</object>
	<object>
		<name>AnjouPears</name>
		<pose>Unspecified</pose>
		<truncated>0</truncated>
		<difficult>0</difficult>
		<bndbox>
			<xmin>545</xmin>
			<ymin>1787</ymin>
			<xmax>587</xmax>
			<ymax>1828</ymax>
		</bndbox>
	</object>
	<object>
		<name>AnjouPears</name>
		<pose>Unspecified</pose>
		<truncated>0</truncated>
		<difficult>0</difficult>
		<bndbox>
			<xmin>535</xmin>
			<ymin>1822</ymin>
			<xmax>582</xmax>
			<ymax>1853</ymax>
		</bndbox>
	</object>
	<object>
		<name>AnjouPears</name>
		<pose>Unspecified</pose>
		<truncated>0</truncated>
		<difficult>0</difficult>
		<bndbox>
			<xmin>504</xmin>
			<ymin>1782</ymin>
			<xmax>540</xmax>
			<ymax>1825</ymax>
		</bndbox>
	</object>
	<object>
		<name>AnjouPears</name>
		<pose>Unspecified</pose>
		<truncated>0</truncated>
		<difficult>0</difficult>
		<bndbox>
			<xmin>464</xmin>
			<ymin>1811</ymin>
			<xmax>512</xmax>
			<ymax>1863</ymax>
		</bndbox>
	</object>
	<object>
		<name>AnjouPears</name>
		<pose>Unspecified</pose>
		<truncated>0</truncated>
		<difficult>0</difficult>
		<bndbox>
			<xmin>497</xmin>
			<ymin>1825</ymin>
			<xmax>538</xmax>
			<ymax>1874</ymax>
		</bndbox>
	</object>
	<object>
		<name>AnjouPears</name>
		<pose>Unspecified</pose>
		<truncated>0</truncated>
		<difficult>0</difficult>
		<bndbox>
			<xmin>548</xmin>
			<ymin>1576</ymin>
			<xmax>590</xmax>
			<ymax>1625</ymax>
		</bndbox>
	</object>
	<object>
		<name>AnjouPears</name>
		<pose>Unspecified</pose>
		<truncated>0</truncated>
		<difficult>0</difficult>
		<bndbox>
			<xmin>593</xmin>
			<ymin>1572</ymin>
			<xmax>643</xmax>
			<ymax>1618</ymax>
		</bndbox>
	</object>
	<object>
		<name>AnjouPears</name>
		<pose>Unspecified</pose>
		<truncated>0</truncated>
		<difficult>0</difficult>
		<bndbox>
			<xmin>584</xmin>
			<ymin>1616</ymin>
			<xmax>630</xmax>
			<ymax>1644</ymax>
		</bndbox>
	</object>
	<object>
		<name>AnjouPears</name>
		<pose>Unspecified</pose>
		<truncated>0</truncated>
		<difficult>0</difficult>
		<bndbox>
			<xmin>610</xmin>
			<ymin>2131</ymin>
			<xmax>649</xmax>
			<ymax>2183</ymax>
		</bndbox>
	</object>
	<object>
		<name>AnjouPears</name>
		<pose>Unspecified</pose>
		<truncated>0</truncated>
		<difficult>0</difficult>
		<bndbox>
			<xmin>640</xmin>
			<ymin>2149</ymin>
			<xmax>689</xmax>
			<ymax>2196</ymax>
		</bndbox>
	</object>
	<object>
		<name>AnjouPears</name>
		<pose>Unspecified</pose>
		<truncated>0</truncated>
		<difficult>0</difficult>
		<bndbox>
			<xmin>1234</xmin>
			<ymin>2722</ymin>
			<xmax>1292</xmax>
			<ymax>2780</ymax>
		</bndbox>
	</object>
	<object>
		<name>AnjouPears</name>
		<pose>Unspecified</pose>
		<truncated>0</truncated>
		<difficult>0</difficult>
		<bndbox>
			<xmin>293</xmin>
			<ymin>2446</ymin>
			<xmax>357</xmax>
			<ymax>2494</ymax>
		</bndbox>
	</object>
	<object>
		<name>AnjouPears</name>
		<pose>Unspecified</pose>
		<truncated>0</truncated>
		<difficult>0</difficult>
		<bndbox>
			<xmin>866</xmin>
			<ymin>3143</ymin>
			<xmax>906</xmax>
			<ymax>3190</ymax>
		</bndbox>
	</object>
	<object>
		<name>AnjouPears</name>
		<pose>Unspecified</pose>
		<truncated>0</truncated>
		<difficult>0</difficult>
		<bndbox>
			<xmin>973</xmin>
			<ymin>3073</ymin>
			<xmax>1029</xmax>
			<ymax>3145</ymax>
		</bndbox>
	</object>
	<object>
		<name>AnjouPears</name>
		<pose>Unspecified</pose>
		<truncated>0</truncated>
		<difficult>0</difficult>
		<bndbox>
			<xmin>1623</xmin>
			<ymin>3457</ymin>
			<xmax>1688</xmax>
			<ymax>3535</ymax>
		</bndbox>
	</object>
	<object>
		<name>AnjouPears</name>
		<pose>Unspecified</pose>
		<truncated>0</truncated>
		<difficult>0</difficult>
		<bndbox>
			<xmin>1626</xmin>
			<ymin>3433</ymin>
			<xmax>1662</xmax>
			<ymax>3470</ymax>
		</bndbox>
	</object>
	<object>
		<name>AnjouPears</name>
		<pose>Unspecified</pose>
		<truncated>0</truncated>
		<difficult>0</difficult>
		<bndbox>
			<xmin>1800</xmin>
			<ymin>3159</ymin>
			<xmax>1838</xmax>
			<ymax>3198</ymax>
		</bndbox>
	</object>
	<object>
		<name>AnjouPears</name>
		<pose>Unspecified</pose>
		<truncated>0</truncated>
		<difficult>0</difficult>
		<bndbox>
			<xmin>2034</xmin>
			<ymin>2660</ymin>
			<xmax>2075</xmax>
			<ymax>2703</ymax>
		</bndbox>
	</object>
	<object>
		<name>AnjouPears</name>
		<pose>Unspecified</pose>
		<truncated>0</truncated>
		<difficult>0</difficult>
		<bndbox>
			<xmin>2085</xmin>
			<ymin>2717</ymin>
			<xmax>2133</xmax>
			<ymax>2755</ymax>
		</bndbox>
	</object>
	<object>
		<name>AnjouPears</name>
		<pose>Unspecified</pose>
		<truncated>0</truncated>
		<difficult>0</difficult>
		<bndbox>
			<xmin>2121</xmin>
			<ymin>2767</ymin>
			<xmax>2153</xmax>
			<ymax>2812</ymax>
		</bndbox>
	</object>
	<object>
		<name>AnjouPears</name>
		<pose>Unspecified</pose>
		<truncated>0</truncated>
		<difficult>0</difficult>
		<bndbox>
			<xmin>2086</xmin>
			<ymin>2773</ymin>
			<xmax>2118</xmax>
			<ymax>2819</ymax>
		</bndbox>
	</object>
	<object>
		<name>AnjouPears</name>
		<pose>Unspecified</pose>
		<truncated>0</truncated>
		<difficult>0</difficult>
		<bndbox>
			<xmin>1492</xmin>
			<ymin>2929</ymin>
			<xmax>1542</xmax>
			<ymax>3002</ymax>
		</bndbox>
	</object>
	<object>
		<name>AnjouPears</name>
		<pose>Unspecified</pose>
		<truncated>0</truncated>
		<difficult>0</difficult>
		<bndbox>
			<xmin>1664</xmin>
			<ymin>2643</ymin>
			<xmax>1699</xmax>
			<ymax>2685</ymax>
		</bndbox>
	</object>
	<object>
		<name>AnjouPears</name>
		<pose>Unspecified</pose>
		<truncated>0</truncated>
		<difficult>0</difficult>
		<bndbox>
			<xmin>1668</xmin>
			<ymin>2320</ymin>
			<xmax>1705</xmax>
			<ymax>2351</ymax>
		</bndbox>
	</object>
	<object>
		<name>AnjouPears</name>
		<pose>Unspecified</pose>
		<truncated>0</truncated>
		<difficult>0</difficult>
		<bndbox>
			<xmin>1699</xmin>
			<ymin>2294</ymin>
			<xmax>1732</xmax>
			<ymax>2329</ymax>
		</bndbox>
	</object>
	<object>
		<name>AnjouPears</name>
		<pose>Unspecified</pose>
		<truncated>0</truncated>
		<difficult>0</difficult>
		<bndbox>
			<xmin>1706</xmin>
			<ymin>2323</ymin>
			<xmax>1742</xmax>
			<ymax>2352</ymax>
		</bndbox>
	</object>
	<object>
		<name>AnjouPears</name>
		<pose>Unspecified</pose>
		<truncated>0</truncated>
		<difficult>0</difficult>
		<bndbox>
			<xmin>1720</xmin>
			<ymin>2394</ymin>
			<xmax>1749</xmax>
			<ymax>2431</ymax>
		</bndbox>
	</object>
	<object>
		<name>AnjouPears</name>
		<pose>Unspecified</pose>
		<truncated>0</truncated>
		<difficult>0</difficult>
		<bndbox>
			<xmin>1836</xmin>
			<ymin>2365</ymin>
			<xmax>1870</xmax>
			<ymax>2394</ymax>
		</bndbox>
	</object>
	<object>
		<name>AnjouPears</name>
		<pose>Unspecified</pose>
		<truncated>0</truncated>
		<difficult>0</difficult>
		<bndbox>
			<xmin>1846</xmin>
			<ymin>2393</ymin>
			<xmax>1877</xmax>
			<ymax>2421</ymax>
		</bndbox>
	</object>
	<object>
		<name>AnjouPears</name>
		<pose>Unspecified</pose>
		<truncated>0</truncated>
		<difficult>0</difficult>
		<bndbox>
			<xmin>1858</xmin>
			<ymin>2431</ymin>
			<xmax>1885</xmax>
			<ymax>2467</ymax>
		</bndbox>
	</object>
	<object>
		<name>AnjouPears</name>
		<pose>Unspecified</pose>
		<truncated>0</truncated>
		<difficult>0</difficult>
		<bndbox>
			<xmin>1903</xmin>
			<ymin>2224</ymin>
			<xmax>1940</xmax>
			<ymax>2264</ymax>
		</bndbox>
	</object>
	<object>
		<name>AnjouPears</name>
		<pose>Unspecified</pose>
		<truncated>0</truncated>
		<difficult>0</difficult>
		<bndbox>
			<xmin>1784</xmin>
			<ymin>2154</ymin>
			<xmax>1827</xmax>
			<ymax>2187</ymax>
		</bndbox>
	</object>
	<object>
		<name>AnjouPears</name>
		<pose>Unspecified</pose>
		<truncated>0</truncated>
		<difficult>0</difficult>
		<bndbox>
			<xmin>1793</xmin>
			<ymin>2191</ymin>
			<xmax>1829</xmax>
			<ymax>2226</ymax>
		</bndbox>
	</object>
	<object>
		<name>AnjouPears</name>
		<pose>Unspecified</pose>
		<truncated>0</truncated>
		<difficult>0</difficult>
		<bndbox>
			<xmin>1745</xmin>
			<ymin>2157</ymin>
			<xmax>1782</xmax>
			<ymax>2190</ymax>
		</bndbox>
	</object>
	<object>
		<name>AnjouPears</name>
		<pose>Unspecified</pose>
		<truncated>0</truncated>
		<difficult>0</difficult>
		<bndbox>
			<xmin>1753</xmin>
			<ymin>2183</ymin>
			<xmax>1790</xmax>
			<ymax>2216</ymax>
		</bndbox>
	</object>
	<object>
		<name>AnjouPears</name>
		<pose>Unspecified</pose>
		<truncated>0</truncated>
		<difficult>0</difficult>
		<bndbox>
			<xmin>1943</xmin>
			<ymin>1957</ymin>
			<xmax>1983</xmax>
			<ymax>2003</ymax>
		</bndbox>
	</object>
	<object>
		<name>AnjouPears</name>
		<pose>Unspecified</pose>
		<truncated>0</truncated>
		<difficult>0</difficult>
		<bndbox>
			<xmin>1941</xmin>
			<ymin>2002</ymin>
			<xmax>1967</xmax>
			<ymax>2033</ymax>
		</bndbox>
	</object>
	<object>
		<name>AnjouPears</name>
		<pose>Unspecified</pose>
		<truncated>0</truncated>
		<difficult>0</difficult>
		<bndbox>
			<xmin>1952</xmin>
			<ymin>2037</ymin>
			<xmax>1981</xmax>
			<ymax>2075</ymax>
		</bndbox>
	</object>
	<object>
		<name>AnjouPears</name>
		<pose>Unspecified</pose>
		<truncated>0</truncated>
		<difficult>0</difficult>
		<bndbox>
			<xmin>1988</xmin>
			<ymin>2034</ymin>
			<xmax>2022</xmax>
			<ymax>2070</ymax>
		</bndbox>
	</object>
	<object>
		<name>AnjouPears</name>
		<pose>Unspecified</pose>
		<truncated>0</truncated>
		<difficult>0</difficult>
		<bndbox>
			<xmin>2001</xmin>
			<ymin>1974</ymin>
			<xmax>2037</xmax>
			<ymax>2016</ymax>
		</bndbox>
	</object>
	<object>
		<name>AnjouPears</name>
		<pose>Unspecified</pose>
		<truncated>0</truncated>
		<difficult>0</difficult>
		<bndbox>
			<xmin>1780</xmin>
			<ymin>1834</ymin>
			<xmax>1809</xmax>
			<ymax>1872</ymax>
		</bndbox>
	</object>
	<object>
		<name>AnjouPears</name>
		<pose>Unspecified</pose>
		<truncated>0</truncated>
		<difficult>0</difficult>
		<bndbox>
			<xmin>1761</xmin>
			<ymin>1863</ymin>
			<xmax>1786</xmax>
			<ymax>1885</ymax>
		</bndbox>
	</object>
	<object>
		<name>AnjouPears</name>
		<pose>Unspecified</pose>
		<truncated>0</truncated>
		<difficult>0</difficult>
		<bndbox>
			<xmin>1577</xmin>
			<ymin>1768</ymin>
			<xmax>1606</xmax>
			<ymax>1795</ymax>
		</bndbox>
	</object>
	<object>
		<name>AnjouPears</name>
		<pose>Unspecified</pose>
		<truncated>0</truncated>
		<difficult>0</difficult>
		<bndbox>
			<xmin>1477</xmin>
			<ymin>1535</ymin>
			<xmax>1505</xmax>
			<ymax>1573</ymax>
		</bndbox>
	</object>
	<object>
		<name>AnjouPears</name>
		<pose>Unspecified</pose>
		<truncated>0</truncated>
		<difficult>0</difficult>
		<bndbox>
			<xmin>1510</xmin>
			<ymin>1527</ymin>
			<xmax>1544</xmax>
			<ymax>1564</ymax>
		</bndbox>
	</object>
	<object>
		<name>AnjouPears</name>
		<pose>Unspecified</pose>
		<truncated>0</truncated>
		<difficult>0</difficult>
		<bndbox>
			<xmin>1568</xmin>
			<ymin>1511</ymin>
			<xmax>1602</xmax>
			<ymax>1547</ymax>
		</bndbox>
	</object>
	<object>
		<name>AnjouPears</name>
		<pose>Unspecified</pose>
		<truncated>0</truncated>
		<difficult>0</difficult>
		<bndbox>
			<xmin>1589</xmin>
			<ymin>1539</ymin>
			<xmax>1622</xmax>
			<ymax>1576</ymax>
		</bndbox>
	</object>
	<object>
		<name>AnjouPears</name>
		<pose>Unspecified</pose>
		<truncated>0</truncated>
		<difficult>0</difficult>
		<bndbox>
			<xmin>1626</xmin>
			<ymin>1531</ymin>
			<xmax>1653</xmax>
			<ymax>1564</ymax>
		</bndbox>
	</object>
	<object>
		<name>AnjouPears</name>
		<pose>Unspecified</pose>
		<truncated>0</truncated>
		<difficult>0</difficult>
		<bndbox>
			<xmin>1677</xmin>
			<ymin>1435</ymin>
			<xmax>1714</xmax>
			<ymax>1472</ymax>
		</bndbox>
	</object>
	<object>
		<name>AnjouPears</name>
		<pose>Unspecified</pose>
		<truncated>0</truncated>
		<difficult>0</difficult>
		<bndbox>
			<xmin>1712</xmin>
			<ymin>1448</ymin>
			<xmax>1753</xmax>
			<ymax>1484</ymax>
		</bndbox>
	</object>
	<object>
		<name>AnjouPears</name>
		<pose>Unspecified</pose>
		<truncated>0</truncated>
		<difficult>0</difficult>
		<bndbox>
			<xmin>1688</xmin>
			<ymin>1477</ymin>
			<xmax>1725</xmax>
			<ymax>1515</ymax>
		</bndbox>
	</object>
	<object>
		<name>AnjouPears</name>
		<pose>Unspecified</pose>
		<truncated>0</truncated>
		<difficult>0</difficult>
		<bndbox>
			<xmin>1727</xmin>
			<ymin>1528</ymin>
			<xmax>1755</xmax>
			<ymax>1570</ymax>
		</bndbox>
	</object>
	<object>
		<name>AnjouPears</name>
		<pose>Unspecified</pose>
		<truncated>0</truncated>
		<difficult>0</difficult>
		<bndbox>
			<xmin>1849</xmin>
			<ymin>1537</ymin>
			<xmax>1879</xmax>
			<ymax>1571</ymax>
		</bndbox>
	</object>
	<object>
		<name>AnjouPears</name>
		<pose>Unspecified</pose>
		<truncated>0</truncated>
		<difficult>0</difficult>
		<bndbox>
			<xmin>1808</xmin>
			<ymin>1580</ymin>
			<xmax>1845</xmax>
			<ymax>1616</ymax>
		</bndbox>
	</object>
	<object>
		<name>AnjouPears</name>
		<pose>Unspecified</pose>
		<truncated>0</truncated>
		<difficult>0</difficult>
		<bndbox>
			<xmin>1832</xmin>
			<ymin>1637</ymin>
			<xmax>1860</xmax>
			<ymax>1670</ymax>
		</bndbox>
	</object>
	<object>
		<name>AnjouPears</name>
		<pose>Unspecified</pose>
		<truncated>0</truncated>
		<difficult>0</difficult>
		<bndbox>
			<xmin>1871</xmin>
			<ymin>1652</ymin>
			<xmax>1904</xmax>
			<ymax>1684</ymax>
		</bndbox>
	</object>
	<object>
		<name>AnjouPears</name>
		<pose>Unspecified</pose>
		<truncated>0</truncated>
		<difficult>0</difficult>
		<bndbox>
			<xmin>1862</xmin>
			<ymin>1685</ymin>
			<xmax>1893</xmax>
			<ymax>1721</ymax>
		</bndbox>
	</object>
	<object>
		<name>AnjouPears</name>
		<pose>Unspecified</pose>
		<truncated>0</truncated>
		<difficult>0</difficult>
		<bndbox>
			<xmin>1652</xmin>
			<ymin>1849</ymin>
			<xmax>1690</xmax>
			<ymax>1885</ymax>
		</bndbox>
	</object>
	<object>
		<name>AnjouPears</name>
		<pose>Unspecified</pose>
		<truncated>0</truncated>
		<difficult>0</difficult>
		<bndbox>
			<xmin>1773</xmin>
			<ymin>3073</ymin>
			<xmax>1807</xmax>
			<ymax>3111</ymax>
		</bndbox>
	</object>
	<object>
		<name>AnjouPears</name>
		<pose>Unspecified</pose>
		<truncated>0</truncated>
		<difficult>0</difficult>
		<bndbox>
			<xmin>2114</xmin>
			<ymin>2885</ymin>
			<xmax>2155</xmax>
			<ymax>2928</ymax>
		</bndbox>
	</object>
	<object>
		<name>AnjouPears</name>
		<pose>Unspecified</pose>
		<truncated>0</truncated>
		<difficult>0</difficult>
		<bndbox>
			<xmin>2186</xmin>
			<ymin>2899</ymin>
			<xmax>2217</xmax>
			<ymax>2931</ymax>
		</bndbox>
	</object>
	<object>
		<name>AnjouPears</name>
		<pose>Unspecified</pose>
		<truncated>0</truncated>
		<difficult>0</difficult>
		<bndbox>
			<xmin>1873</xmin>
			<ymin>2793</ymin>
			<xmax>1901</xmax>
			<ymax>2820</ymax>
		</bndbox>
	</object>
	<object>
		<name>AnjouPears</name>
		<pose>Unspecified</pose>
		<truncated>0</truncated>
		<difficult>0</difficult>
		<bndbox>
			<xmin>1891</xmin>
			<ymin>2813</ymin>
			<xmax>1916</xmax>
			<ymax>2841</ymax>
		</bndbox>
	</object>
	<object>
		<name>AnjouPears</name>
		<pose>Unspecified</pose>
		<truncated>0</truncated>
		<difficult>0</difficult>
		<bndbox>
			<xmin>1939</xmin>
			<ymin>2328</ymin>
			<xmax>1967</xmax>
			<ymax>2364</ymax>
		</bndbox>
	</object>
	<object>
		<name>AnjouPears</name>
		<pose>Unspecified</pose>
		<truncated>0</truncated>
		<difficult>0</difficult>
		<bndbox>
			<xmin>2783</xmin>
			<ymin>2567</ymin>
			<xmax>2824</xmax>
			<ymax>2609</ymax>
		</bndbox>
	</object>
	<object>
		<name>AnjouPears</name>
		<pose>Unspecified</pose>
		<truncated>0</truncated>
		<difficult>0</difficult>
		<bndbox>
			<xmin>2504</xmin>
			<ymin>2400</ymin>
			<xmax>2542</xmax>
			<ymax>2420</ymax>
		</bndbox>
	</object>
	<object>
		<name>AnjouPears</name>
		<pose>Unspecified</pose>
		<truncated>0</truncated>
		<difficult>0</difficult>
		<bndbox>
			<xmin>2486</xmin>
			<ymin>2419</ymin>
			<xmax>2516</xmax>
			<ymax>2450</ymax>
		</bndbox>
	</object>
	<object>
		<name>AnjouPears</name>
		<pose>Unspecified</pose>
		<truncated>0</truncated>
		<difficult>0</difficult>
		<bndbox>
			<xmin>2153</xmin>
			<ymin>2126</ymin>
			<xmax>2184</xmax>
			<ymax>2157</ymax>
		</bndbox>
	</object>
	<object>
		<name>AnjouPears</name>
		<pose>Unspecified</pose>
		<truncated>0</truncated>
		<difficult>0</difficult>
		<bndbox>
			<xmin>2118</xmin>
			<ymin>2185</ymin>
			<xmax>2149</xmax>
			<ymax>2221</ymax>
		</bndbox>
	</object>
	<object>
		<name>AnjouPears</name>
		<pose>Unspecified</pose>
		<truncated>0</truncated>
		<difficult>0</difficult>
		<bndbox>
			<xmin>2008</xmin>
			<ymin>2252</ymin>
			<xmax>2033</xmax>
			<ymax>2281</ymax>
		</bndbox>
	</object>
	<object>
		<name>AnjouPears</name>
		<pose>Unspecified</pose>
		<truncated>0</truncated>
		<difficult>0</difficult>
		<bndbox>
			<xmin>2038</xmin>
			<ymin>2252</ymin>
			<xmax>2060</xmax>
			<ymax>2276</ymax>
		</bndbox>
	</object>
	<object>
		<name>AnjouPears</name>
		<pose>Unspecified</pose>
		<truncated>0</truncated>
		<difficult>0</difficult>
		<bndbox>
			<xmin>2197</xmin>
			<ymin>1844</ymin>
			<xmax>2236</xmax>
			<ymax>1880</ymax>
		</bndbox>
	</object>
	<object>
		<name>AnjouPears</name>
		<pose>Unspecified</pose>
		<truncated>0</truncated>
		<difficult>0</difficult>
		<bndbox>
			<xmin>2027</xmin>
			<ymin>1776</ymin>
			<xmax>2056</xmax>
			<ymax>1808</ymax>
		</bndbox>
	</object>
	<object>
		<name>AnjouPears</name>
		<pose>Unspecified</pose>
		<truncated>0</truncated>
		<difficult>0</difficult>
		<bndbox>
			<xmin>2205</xmin>
			<ymin>3056</ymin>
			<xmax>2244</xmax>
			<ymax>3088</ymax>
		</bndbox>
	</object>
	<object>
		<name>AnjouPears</name>
		<pose>Unspecified</pose>
		<truncated>0</truncated>
		<difficult>0</difficult>
		<bndbox>
			<xmin>2143</xmin>
			<ymin>2666</ymin>
			<xmax>2170</xmax>
			<ymax>2699</ymax>
		</bndbox>
	</object>
	<object>
		<name>AnjouPears</name>
		<pose>Unspecified</pose>
		<truncated>0</truncated>
		<difficult>0</difficult>
		<bndbox>
			<xmin>2161</xmin>
			<ymin>2685</ymin>
			<xmax>2186</xmax>
			<ymax>2713</ymax>
		</bndbox>
	</object>
	<object>
		<name>AnjouPears</name>
		<pose>Unspecified</pose>
		<truncated>0</truncated>
		<difficult>0</difficult>
		<bndbox>
			<xmin>2364</xmin>
			<ymin>2329</ymin>
			<xmax>2395</xmax>
			<ymax>2362</ymax>
		</bndbox>
	</object>
	<object>
		<name>AnjouPears</name>
		<pose>Unspecified</pose>
		<truncated>0</truncated>
		<difficult>0</difficult>
		<bndbox>
			<xmin>2030</xmin>
			<ymin>2059</ymin>
			<xmax>2051</xmax>
			<ymax>2097</ymax>
		</bndbox>
	</object>
	<object>
		<name>AnjouPears</name>
		<pose>Unspecified</pose>
		<truncated>0</truncated>
		<difficult>0</difficult>
		<bndbox>
			<xmin>2018</xmin>
			<ymin>1825</ymin>
			<xmax>2043</xmax>
			<ymax>1851</ymax>
		</bndbox>
	</object>
	<object>
		<name>AnjouPears</name>
		<pose>Unspecified</pose>
		<truncated>0</truncated>
		<difficult>0</difficult>
		<bndbox>
			<xmin>2043</xmin>
			<ymin>1823</ymin>
			<xmax>2066</xmax>
			<ymax>1851</ymax>
		</bndbox>
	</object>
	<object>
		<name>AnjouPears</name>
		<pose>Unspecified</pose>
		<truncated>0</truncated>
		<difficult>0</difficult>
		<bndbox>
			<xmin>2011</xmin>
			<ymin>1855</ymin>
			<xmax>2036</xmax>
			<ymax>1880</ymax>
		</bndbox>
	</object>
	<object>
		<name>AnjouPears</name>
		<pose>Unspecified</pose>
		<truncated>0</truncated>
		<difficult>0</difficult>
		<bndbox>
			<xmin>2034</xmin>
			<ymin>1883</ymin>
			<xmax>2061</xmax>
			<ymax>1914</ymax>
		</bndbox>
	</object>
	<object>
		<name>AnjouPears</name>
		<pose>Unspecified</pose>
		<truncated>0</truncated>
		<difficult>0</difficult>
		<bndbox>
			<xmin>2061</xmin>
			<ymin>1876</ymin>
			<xmax>2087</xmax>
			<ymax>1897</ymax>
		</bndbox>
	</object>
	<object>
		<name>AnjouPears</name>
		<pose>Unspecified</pose>
		<truncated>0</truncated>
		<difficult>0</difficult>
		<bndbox>
			<xmin>2060</xmin>
			<ymin>1786</ymin>
			<xmax>2082</xmax>
			<ymax>1806</ymax>
		</bndbox>
	</object>
	<object>
		<name>AnjouPears</name>
		<pose>Unspecified</pose>
		<truncated>0</truncated>
		<difficult>0</difficult>
		<bndbox>
			<xmin>2074</xmin>
			<ymin>1800</ymin>
			<xmax>2096</xmax>
			<ymax>1821</ymax>
		</bndbox>
	</object>
	<object>
		<name>AnjouPears</name>
		<pose>Unspecified</pose>
		<truncated>0</truncated>
		<difficult>0</difficult>
		<bndbox>
			<xmin>2130</xmin>
			<ymin>1506</ymin>
			<xmax>2152</xmax>
			<ymax>1529</ymax>
		</bndbox>
	</object>
	<object>
		<name>AnjouPears</name>
		<pose>Unspecified</pose>
		<truncated>0</truncated>
		<difficult>0</difficult>
		<bndbox>
			<xmin>1922</xmin>
			<ymin>1491</ymin>
			<xmax>1945</xmax>
			<ymax>1525</ymax>
		</bndbox>
	</object>
	<object>
		<name>AnjouPears</name>
		<pose>Unspecified</pose>
		<truncated>0</truncated>
		<difficult>0</difficult>
		<bndbox>
			<xmin>1948</xmin>
			<ymin>1490</ymin>
			<xmax>1975</xmax>
			<ymax>1522</ymax>
		</bndbox>
	</object>
	<object>
		<name>AnjouPears</name>
		<pose>Unspecified</pose>
		<truncated>0</truncated>
		<difficult>0</difficult>
		<bndbox>
			<xmin>1858</xmin>
			<ymin>1263</ymin>
			<xmax>1908</xmax>
			<ymax>1327</ymax>
		</bndbox>
	</object>
	<object>
		<name>AnjouPears</name>
		<pose>Unspecified</pose>
		<truncated>0</truncated>
		<difficult>0</difficult>
		<bndbox>
			<xmin>1803</xmin>
			<ymin>1301</ymin>
			<xmax>1827</xmax>
			<ymax>1347</ymax>
		</bndbox>
	</object>
	<object>
		<name>AnjouPears</name>
		<pose>Unspecified</pose>
		<truncated>0</truncated>
		<difficult>0</difficult>
		<bndbox>
			<xmin>1831</xmin>
			<ymin>1319</ymin>
			<xmax>1861</xmax>
			<ymax>1355</ymax>
		</bndbox>
	</object>
	<object>
		<name>AnjouPears</name>
		<pose>Unspecified</pose>
		<truncated>0</truncated>
		<difficult>0</difficult>
		<bndbox>
			<xmin>1795</xmin>
			<ymin>1334</ymin>
			<xmax>1833</xmax>
			<ymax>1369</ymax>
		</bndbox>
	</object>
	<object>
		<name>AnjouPears</name>
		<pose>Unspecified</pose>
		<truncated>0</truncated>
		<difficult>0</difficult>
		<bndbox>
			<xmin>1534</xmin>
			<ymin>1303</ymin>
			<xmax>1568</xmax>
			<ymax>1342</ymax>
		</bndbox>
	</object>
	<object>
		<name>AnjouPears</name>
		<pose>Unspecified</pose>
		<truncated>0</truncated>
		<difficult>0</difficult>
		<bndbox>
			<xmin>1471</xmin>
			<ymin>1400</ymin>
			<xmax>1506</xmax>
			<ymax>1441</ymax>
		</bndbox>
	</object>
	<object>
		<name>AnjouPears</name>
		<pose>Unspecified</pose>
		<truncated>0</truncated>
		<difficult>0</difficult>
		<bndbox>
			<xmin>1518</xmin>
			<ymin>1393</ymin>
			<xmax>1556</xmax>
			<ymax>1434</ymax>
		</bndbox>
	</object>
	<object>
		<name>AnjouPears</name>
		<pose>Unspecified</pose>
		<truncated>0</truncated>
		<difficult>0</difficult>
		<bndbox>
			<xmin>1561</xmin>
			<ymin>1200</ymin>
			<xmax>1590</xmax>
			<ymax>1241</ymax>
		</bndbox>
	</object>
	<object>
		<name>AnjouPears</name>
		<pose>Unspecified</pose>
		<truncated>0</truncated>
		<difficult>0</difficult>
		<bndbox>
			<xmin>1231</xmin>
			<ymin>1599</ymin>
			<xmax>1262</xmax>
			<ymax>1633</ymax>
		</bndbox>
	</object>
	<object>
		<name>AnjouPears</name>
		<pose>Unspecified</pose>
		<truncated>0</truncated>
		<difficult>0</difficult>
		<bndbox>
			<xmin>1495</xmin>
			<ymin>1596</ymin>
			<xmax>1524</xmax>
			<ymax>1632</ymax>
		</bndbox>
	</object>
	<object>
		<name>AnjouPears</name>
		<pose>Unspecified</pose>
		<truncated>0</truncated>
		<difficult>0</difficult>
		<bndbox>
			<xmin>1523</xmin>
			<ymin>1613</ymin>
			<xmax>1555</xmax>
			<ymax>1647</ymax>
		</bndbox>
	</object>
	<object>
		<name>AnjouPears</name>
		<pose>Unspecified</pose>
		<truncated>0</truncated>
		<difficult>0</difficult>
		<bndbox>
			<xmin>1504</xmin>
			<ymin>1640</ymin>
			<xmax>1531</xmax>
			<ymax>1671</ymax>
		</bndbox>
	</object>
	<object>
		<name>AnjouPears</name>
		<pose>Unspecified</pose>
		<truncated>0</truncated>
		<difficult>0</difficult>
		<bndbox>
			<xmin>1557</xmin>
			<ymin>1786</ymin>
			<xmax>1580</xmax>
			<ymax>1812</ymax>
		</bndbox>
	</object>
	<object>
		<name>AnjouPears</name>
		<pose>Unspecified</pose>
		<truncated>0</truncated>
		<difficult>0</difficult>
		<bndbox>
			<xmin>1606</xmin>
			<ymin>1772</ymin>
			<xmax>1628</xmax>
			<ymax>1801</ymax>
		</bndbox>
	</object>
	<object>
		<name>AnjouPears</name>
		<pose>Unspecified</pose>
		<truncated>0</truncated>
		<difficult>0</difficult>
		<bndbox>
			<xmin>1722</xmin>
			<ymin>1825</ymin>
			<xmax>1749</xmax>
			<ymax>1857</ymax>
		</bndbox>
	</object>
	<object>
		<name>AnjouPears</name>
		<pose>Unspecified</pose>
		<truncated>0</truncated>
		<difficult>0</difficult>
		<bndbox>
			<xmin>1724</xmin>
			<ymin>1750</ymin>
			<xmax>1748</xmax>
			<ymax>1779</ymax>
		</bndbox>
	</object>
	<object>
		<name>AnjouPears</name>
		<pose>Unspecified</pose>
		<truncated>0</truncated>
		<difficult>0</difficult>
		<bndbox>
			<xmin>1627</xmin>
			<ymin>1755</ymin>
			<xmax>1654</xmax>
			<ymax>1777</ymax>
		</bndbox>
	</object>
	<object>
		<name>AnjouPears</name>
		<pose>Unspecified</pose>
		<truncated>0</truncated>
		<difficult>0</difficult>
		<bndbox>
			<xmin>1815</xmin>
			<ymin>1845</ymin>
			<xmax>1843</xmax>
			<ymax>1875</ymax>
		</bndbox>
	</object>
	<object>
		<name>AnjouPears</name>
		<pose>Unspecified</pose>
		<truncated>0</truncated>
		<difficult>0</difficult>
		<bndbox>
			<xmin>1768</xmin>
			<ymin>1783</ymin>
			<xmax>1791</xmax>
			<ymax>1808</ymax>
		</bndbox>
	</object>
	<object>
		<name>AnjouPears</name>
		<pose>Unspecified</pose>
		<truncated>0</truncated>
		<difficult>0</difficult>
		<bndbox>
			<xmin>1794</xmin>
			<ymin>1794</ymin>
			<xmax>1817</xmax>
			<ymax>1818</ymax>
		</bndbox>
	</object>
	<object>
		<name>AnjouPears</name>
		<pose>Unspecified</pose>
		<truncated>0</truncated>
		<difficult>0</difficult>
		<bndbox>
			<xmin>1698</xmin>
			<ymin>1781</ymin>
			<xmax>1719</xmax>
			<ymax>1805</ymax>
		</bndbox>
	</object>
	<object>
		<name>AnjouPears</name>
		<pose>Unspecified</pose>
		<truncated>0</truncated>
		<difficult>0</difficult>
		<bndbox>
			<xmin>1645</xmin>
			<ymin>1783</ymin>
			<xmax>1669</xmax>
			<ymax>1812</ymax>
		</bndbox>
	</object>
	<object>
		<name>AnjouPears</name>
		<pose>Unspecified</pose>
		<truncated>0</truncated>
		<difficult>0</difficult>
		<bndbox>
			<xmin>1628</xmin>
			<ymin>1802</ymin>
			<xmax>1645</xmax>
			<ymax>1820</ymax>
		</bndbox>
	</object>
	<object>
		<name>AnjouPears</name>
		<pose>Unspecified</pose>
		<truncated>0</truncated>
		<difficult>0</difficult>
		<bndbox>
			<xmin>1684</xmin>
			<ymin>1908</ymin>
			<xmax>1707</xmax>
			<ymax>1931</ymax>
		</bndbox>
	</object>
	<object>
		<name>AnjouPears</name>
		<pose>Unspecified</pose>
		<truncated>0</truncated>
		<difficult>0</difficult>
		<bndbox>
			<xmin>1644</xmin>
			<ymin>1917</ymin>
			<xmax>1669</xmax>
			<ymax>1937</ymax>
		</bndbox>
	</object>
	<object>
		<name>AnjouPears</name>
		<pose>Unspecified</pose>
		<truncated>0</truncated>
		<difficult>0</difficult>
		<bndbox>
			<xmin>1564</xmin>
			<ymin>1893</ymin>
			<xmax>1593</xmax>
			<ymax>1921</ymax>
		</bndbox>
	</object>
	<object>
		<name>AnjouPears</name>
		<pose>Unspecified</pose>
		<truncated>0</truncated>
		<difficult>0</difficult>
		<bndbox>
			<xmin>1543</xmin>
			<ymin>1911</ymin>
			<xmax>1564</xmax>
			<ymax>1937</ymax>
		</bndbox>
	</object>
	<object>
		<name>AnjouPears</name>
		<pose>Unspecified</pose>
		<truncated>0</truncated>
		<difficult>0</difficult>
		<bndbox>
			<xmin>1621</xmin>
			<ymin>1988</ymin>
			<xmax>1645</xmax>
			<ymax>2011</ymax>
		</bndbox>
	</object>
	<object>
		<name>AnjouPears</name>
		<pose>Unspecified</pose>
		<truncated>0</truncated>
		<difficult>0</difficult>
		<bndbox>
			<xmin>1454</xmin>
			<ymin>1876</ymin>
			<xmax>1499</xmax>
			<ymax>1929</ymax>
		</bndbox>
	</object>
	<object>
		<name>AnjouPears</name>
		<pose>Unspecified</pose>
		<truncated>0</truncated>
		<difficult>0</difficult>
		<bndbox>
			<xmin>2099</xmin>
			<ymin>2925</ymin>
			<xmax>2140</xmax>
			<ymax>2958</ymax>
		</bndbox>
	</object>
	<object>
		<name>AnjouPears</name>
		<pose>Unspecified</pose>
		<truncated>0</truncated>
		<difficult>0</difficult>
		<bndbox>
			<xmin>1484</xmin>
			<ymin>3325</ymin>
			<xmax>1520</xmax>
			<ymax>3373</ymax>
		</bndbox>
	</object>
	<object>
		<name>AnjouPears</name>
		<pose>Unspecified</pose>
		<truncated>0</truncated>
		<difficult>0</difficult>
		<bndbox>
			<xmin>1400</xmin>
			<ymin>3380</ymin>
			<xmax>1444</xmax>
			<ymax>3430</ymax>
		</bndbox>
	</object>
	<object>
		<name>AnjouPears</name>
		<pose>Unspecified</pose>
		<truncated>0</truncated>
		<difficult>0</difficult>
		<bndbox>
			<xmin>2846</xmin>
			<ymin>2648</ymin>
			<xmax>2881</xmax>
			<ymax>2676</ymax>
		</bndbox>
	</object>
</annotation>
